0.34,1.36,0,0,0,0,0,0,0.34,1.7,0,0,0,0,0,0,0,0,1.7,0,0.34,0,0,0,1.36,0.68,1.02,0.34,0.34,0.34,0.34,0.34,0,0.34,0.34,0.34,0.34,0,0.34,0.34,0,0,0.34,0,0.34,0,0,0,0,0.244,0,0,0,0,1.696,13,112
0,0,0.44,0,0,0,0,0,0,0,0,0.44,0,0,0,0,0,0,0,0,0,0,0,0,1.76,1.76,0,0,0,0,0,0,0,0,0,0,0.88,0,0.88,0,0,0,0.44,0,0,0,0,0.44,0,0,0.061,0,0,0,1.949,17,230
0,0,0,1.29,1.29,0,0,0,0,0,0,0,0,0,0,1.29,0,0,2.59,0,0,0,0,0,0,0,0,0,0,0,0,0,0,0,0,0,0,0,0,0,0,0,0,0,0,0,0,0,0.187,0,0,0.936,0,0,4.586,24,133
0,0,0.5,0,0.5,0.5,0.5,0,0,0,0,0,0,0,0,0,1.01,1.01,3.04,0,1.01,0,0,0,0,0,0,0,0,0,0,0,0,0,0,0,0,0,0,0,0,0,0,0,0,0,0,0,0,0.089,0,0.178,0,0,1.792,17,95
0,0.27,0.54,0,0.27,1.64,0,0.27,0.54,0.54,0,1.09,0.27,0,0,0,0,0.27,1.37,0,1.09,0,0.27,0,0,0,0,0,0,0,0,0,0,0,0,0,0,0,0,0,0,0,0,0,0.27,0,0,0,0,0,0,0.472,0.128,0,10.877,93,533
0,0,1.96,0,0,0,0,0,0,0,0,3.92,0,0,0,0,0,0,0,0,0,0,0,0,1.96,3.92,0,0,0,1.96,0,0,0,0,0,0,0,0,0,0,0,0,0,0,0,0,0,0,0,0.476,0,0,0,0,2.318,25,51
0.27,0,0.27,0,0,0,0,0,0,0,0,0.81,0,0,0,0,0,0,0.54,0,0.27,0,0,0,9.83,0.81,0.54,0.27,0.27,0.27,0.27,0.27,0,0.27,0.27,0.27,0.54,0,0.27,0.27,0,0.54,0.54,0,0.54,0,0,0,1.411,1.411,0.041,0,0,0,4.891,20,675
0,0,0,0,0,0,0,0,0,0,0,0.59,0,0,0,0,0,0,2.38,0,1.19,0,0,0,1.19,1.19,0,0,0,0,0,0,0,0,0,0,0,0,0,0,0,0,0,0,0,0,0,0,0,0.103,0,0,0,0,3.086,55,142
0,0,0,0,0,0,0,0,0,0,0,0,0,0,0,0,0,0,2.32,0,0,0,0,0,0,0,0,0,0,0,0,0,0,0,0,0,0,0,0,0,0,0,0,0,2.32,2.32,0,0,0,0,0,0,0,0,1.666,5,25
0,1.25,0,0,0,0,1.25,0,0,0,0,0,0,0,0,1.25,1.25,1.25,1.25,0,3.75,0,0,0,0,0,0,0,0,0,0,0,1.25,0,0,0,0,0,0,0,0,0,0,0,0,0,0,0,0.199,0,0,0.298,0,0,3.976,32,171
0,0,0,0,0.63,0,0.31,0.63,0.31,0.63,0.31,0.31,0.31,0,0,0.31,0,0,3.18,0,0.31,0,0,0,0,0,0,0,0,0,0,0,0,0,0,0,0,0,0,0,0,0,0,0,0,0,0,0,0,0.135,0,0.135,0,0,3.537,40,191
0.1,0.3,0.4,0,0.2,0.9,0.2,0.5,0.8,0.8,0.2,0.8,0,0,1.5,0,0.2,1.6,2.2,0.2,1,0,0.1,0.2,0,0,0,0,0,0,0,0,0,0,0,0,0,0,0,0,0,0,0.2,0,0,0,0,0,0,0.175,0,0.307,0.175,0.014,6.937,669,1214
0.95,0,0,0,0,0,0,0,0,0,0,0,0,0,0,0,0,0,1.9,0,0.95,0,0,0,0,0,0,0,0,0,0,0,0,0,0,0,0,0,0,0,0,0,0,0,0.95,0.95,0,0,0,0.144,0,5.78,0,0,2.13,15,49
0,0,0,0,0.21,0,0,0,0,0,0,0,0,0,0,0,0,0,0,0,0,0.21,0,0,0,0,0,0,0,0,0,0,0,0,0,0,0,0,0,0,0,0,0,0,0,0,0,0,0,0.205,0,0.034,0,0,3.168,15,339
0,0,0.87,0,0,0,0,0,0,2.63,0.87,0.87,0,0,0,0,0,0,1.75,0,0,0,0,0,1.75,0.87,2.63,0.87,0.87,0.87,0.87,0.87,0,0.87,0.87,0.87,0.87,0,0.87,0.87,0,0,0.87,0,0.87,0,0,0,0.139,0.976,0,0.139,0,0,1.767,12,76
0,0,0,0,0,0,0,0,0,0,0,1.42,0,0,0,0,0,0,0,0,4.28,0,0,0,2.85,1.42,4.28,1.42,1.42,1.42,1.42,1.42,0,1.42,1.42,1.42,1.42,0,1.42,1.42,0,0,1.42,0,1.42,0,0,0,0,0.419,0,0,0,0,2.133,12,64
0,0,1.21,0,0,2.43,0,0,0,0,0,0,0,0,0,0,0,0,1.21,0,1.21,0,0,0,0,0,1.21,0,0,0,0,0,0,0,0,0,0,0,0,0,0,0,0,0,0,0,0,0,0,0.211,0,0.211,0,0,1,1,11
0,0,0,0,0,0,0,0,0,0,0,0,0,0,0,0,0,0,0,0,0,0,0,0,0,0,2,0,2,0,0,0,2,0,0,0,0,0,0,0,0,0,0,0,0,0,0,0,0,0.342,0,0,0,0.342,2.75,7,55
0,0,0,0,0,0,0,0,0,0.58,0,0,0,0,0,0,0,0,0.58,0,0,0,0,0,0,0,0,0,0,0,0,0,0,0,0,0,0,0,0,0,0,0,0,0,0,0.58,0,0,0,0.083,0,0,0,0,6.096,21,189
0,0,0,0,0,0,0,0,0,0,0,0,0,0,0,0,0,0,1.31,0,0,0,0,0,0,0,0,0,0,0,0,0,0,0,0,0,0,0,0,0,0,0,0,0,0.65,0,0,0,0.127,0,0,0,0,0,1.137,3,33
0,0,0,0,0,0.78,0,2.34,0,0.78,0.78,1.56,0,0,0,0,0.78,0,3.12,0,0.78,0,0.78,0,0,0,0,0,0,0,0,0,0,0,0,0,0,0,0,0,0,0,0,0,0,0,0,0,0,0,0,0.889,0,0,2.13,15,49
0,0,0,0,0,0,0,0,0,0,0,0.89,0,0,0,0,0,0,0.89,0,0,0,0,0,1.78,1.78,0,0.89,0,0,0,0,0,0,0.89,0.89,0,0,0,0,0,0,0,0,0,0,0,0.89,0,0.537,0,0,0,0.268,2.292,12,94
0,0,0,0,0,0,0,0,0,0,0,0,0,0,0,0,0,0,6,0,2,0,0,0,0,0,0,0,0,0,0,0,0,0,0,0,0,0,0,0,0,0,0,0,0,2,0,0,0,0,0,0.353,0,0,1.555,4,14
0,0,0,0,0,0.4,0,0,0.4,0.4,0,0,0,0,0.4,0,0,0,1.22,1.22,0.4,0,0,0,0,0.4,0.4,0,0,0.4,0,0,0,0,0,0,0,0,0,0,0,0,0,0.81,0,0.4,0,0,0,0.065,0,0,0,0,1.84,8,81
0,0.29,0.29,0,0.58,0,0.58,0,0,0.58,0.29,0.29,0,0,0,1.46,0.29,0.87,1.16,0.87,1.16,0,0,0,0,0,0,0,0,0,0,0,0,0,0,0,0,0,0,0,0,0,0,0,0.29,0,0,0,0,0.086,0,0.606,0,0.043,3.591,37,352
0.28,0,0,0,0.28,0,0,0,0.28,0,0.28,3.97,0,0,0,0,0,0,3.97,0,0.85,0,0,0,0.28,1.13,0,0,0,0,0,0,0,0,0,0,0.28,0,0.28,0,0,0,0,0.28,0,0,0,0.28,0,0,0,0.08,0,0,2.396,16,139
0,0.19,0.59,0,0.19,0,0,0,0,0.59,0.39,0.19,0,0.19,0,0,0,0.79,2.79,0,1.99,0,0,0,1.79,0.19,0.39,0.19,0,0,0.59,0.19,0.79,0.19,0.59,0,0,0,0,0,0,0,0,0,0,0,0,0,0,0.203,0.018,0.018,0,0,3.716,47,472
0,0,0,0,0,0,0,0,0,0,0,0,0,0,0,0,0,0,6.66,0,0,0,0,0,0,0,0,0,0,0,0,0,0,0,0,0,0,0,0,0,0,0,0,0,3.33,3.33,0,0,0,0.537,0,1.075,0,0,1.2,3,12
0,0.75,0.37,0,1.51,0,0,0.37,0,0.37,0.75,1.89,0,0,0,0.75,0.37,1.13,6.06,0,4.16,0,0,0,0,0,0,0,0,0,0,0,0,0,0,0,0,0,0,0.37,0,0,0,0,0,0,0,0,0,0,0,0.415,0.138,0,1.937,11,93
0,0,0,0,0,0,0,0,0,0,0,0,0,0,0,0,0,0,0,0,0,0,0,0,0,0,0,0,0,0,0,0,0,0,0,0,0,0,0,0,0,0,0,0,0,0,0,0,0,0,0,0,0,0,1,1,3
0.28,0,0.28,0,0,0.28,0.28,0.28,0.28,1.15,0,0.86,0.86,0,0,0,0,0,2.89,0,1.44,0.86,0,0.28,0,0,0,0,0,0,0,0,0,0,0,0,0,0,0,0,0,0,0,0.28,0,0,0,0,0,0,0,0.554,0.221,0.166,5.328,140,341
0,0.53,0,0,1.06,0,1.6,0,0,0.53,0,0,0,0,0.53,0,0,0.53,2.13,0,0.53,0,0,0,0,0,0,0,0,0,0,0,0,0,0,0,0,0,0,0,0,0,0,0,0.53,0,0,0,0,0.239,0.079,0.159,0,0,4.555,51,123
0,4.16,0,0,0,0,0,0,0,0,0,4.16,0,0,0,0,0,0,0,0,0,0,0,0,0,0,0,0,0,0,0,0,0,0,0,0,0,0,0,0,0,0,0,0,4.16,0,0,0,0,0,0,0.709,0,0,2.09,6,23
0,0,0,0,0,0,0,0,0,0,0,0,0,0,0,0,0,0,0,0,0,0,0,0,0,0,0,0,0,4.16,0,0,4.16,0,0,0,0,0,0,0,0,0,0,0,4.16,0,0,0,0,0.704,0,0,0,0,1.428,4,10
0,0,0,0,0,0,0,0,0,0,0,4.76,0,0,0,0,0,0,0,0,0,0,0,0,0,0,0,0,0,0,0,0,0,0,0,0,0,0,0,0,0,0,0,0,0,0,0,0,0,0,0,0.769,0,0,1.428,4,10
0,0,0,0,0,0,0,0,0,0,0,0,0,0,0,0,0,0,0,0,0,0,0,0,0,0,20,0,0,0,0,0,0,0,0,0,0,0,0,0,0,0,0,0,0,0,0,0,0,0,0,0,0,0,1,1,5
0,0,0.41,0,0,0,0,0,0,0.41,0,1.25,0,0,0,0,0,0,2.91,0,0.41,0,0,0,0,0,0,0,0,0,0,0,0,0,0,0,0,0,0,0,0,0,0,0,0,0,0,0,0,0.184,0,0,0,0,1.538,10,40
0,0,0,0,0,0,0,0,0,0,0,0,0,0,0,0,0,0,3.44,0,0,0,0,0,0,0,0,0,0,0,0,0,0,0,0,0,0,0,0,0,0,0,0,0,3.44,0,0,0,0,0,0,0,0,0,1.6,4,8
0,0,0,0,0,0,0,0,0,2.55,0,0,0,0,0,0,0,0,3.06,0,0,0,0,0,0,0,0,0,0,0,0,0,0,0,0,0,0,0,0,0,0,0,0,0,1.02,1.02,0,0,0,0.253,0,0.169,0.169,0,1.677,7,52
0,0,0,0,0,0,0,0.13,0,0.13,0,1.1,0.13,0,0,0,1.24,0,0,0,0,0,0,0,3.17,0,0,0,0,0,0,0,0.69,0,0,0.27,0.41,0,0,0,0,0,0,0,0,0,0,0.13,0.07,0.07,0,0,0,0,2.064,23,322
0.9,0,0,0,0,0,0.9,0,0,1.8,0.9,0.9,0,0,0,0.9,4.5,0,5.4,0,0.9,0,0.9,0,0,0,0,0,0,0,0,0,0,0,0,0,0,0,0,0,0,0,0,0,0,0,0,0,0,0,0,0.391,0.13,0.26,2.15,7,43
0.63,0,0.63,0,1.27,0,0.63,0,0,0,0,0.63,0,0,0,0.63,0.63,0,1.27,0,2.54,0,0.63,0,0,0,0,0,0,0,0,0,0,0,0,0,0,0,0,0,0,0,0,0,0,0,0,0,0.1,0,0,0.501,0.3,0,2.458,22,118
0,0,0,0,0,0,0,0,0,0,0,0,0,0,0,0,0,0,0,0,0,0,0,0,0,0,20,0,0,0,0,0,0,0,0,0,0,0,0,0,0,0,0,0,0,0,0,0,0,0,0,0,0,0,1,1,5
0.29,0.58,0.58,0,0.87,0,0.58,0,0,1.16,0,0.87,0,0,0,0,0.87,0,2.62,0,1.74,0,0,0,0,0,0,0,0,0,0,0,0,0,0,0,0,0,0,0,0,0,0,0,0,0,0,0,0,0.054,0,0,0.271,0,1.67,14,162
0,0,0,0,0,0,0,0,0,0,0,0,0,0,0,0,0,0,0,0,0,0,0,0,0,0,0,0,0,0,0,0,0,0,0,0,0,0,0,0,0,0,0,0,0,9.09,0,0,0,0,0,0,0,0,2.428,5,17
0.25,0.5,0.5,0,0,0,0,0,0,0.25,0.25,1,0.25,0,0,0,0,0.5,3,0,2.75,0,1.25,0.25,0,0,0,0,0,0,0,0,0,0,0,0,0,0,0,0,0,0,0,0,0,0,0,0,0,0.181,0,0.407,0.997,0,3.417,49,270
0,0,0,0,0,0,0,0,0,0,0,0,0,0,0,6.45,0,0,3.22,0,6.45,0,0,0,0,0,0,0,0,0,0,0,0,0,0,0,0,0,0,0,0,0,0,0,0,0,0,0,0,0,0,0,0,0,1,1,2
3.94,0,0,0,0,0,0,0,0,0,0,2.63,0,0,0,0,0,0,0,0,0,0,0,0,0,0,0,0,0,0,0,0,0,0,0,0,0,0,0,0,0,0,0,0,0,0,0,0,0,0,0,0,0,0,1.8,5,36
0,0,0,0,0,3.57,0,0,0,0,0,0,0,0,0,0,0,0,7.14,0,0,0,0,0,0,0,0,0,0,0,0,0,0,0,0,0,0,0,0,0,0,0,0,0,0,3.57,0,0,0,0,0,0,0,0,1,1,7
0,0,0,0,0,0,0,0,0,0,0,0,0,0,0,0,0,0,1.49,0,4.47,0,0,0,0,0,1.49,0,0,0,0,0,0,0,0,0,0,0,0,0,0,0,0,0,0,0,0,0,0,0,0,0,0,0,1,1,16
0,0,0,0,0,0,0,0,0,0,0,0,0,0,0,0,0,0,0,0,0,0,0,0,0,0,0,0,0,0,0,0,0,0,0,0,0,0,0,0,0,0,0,0,7.69,7.69,0,0,0,0.775,0,0,0,0,1,1,5
0,0,0,0,0,0,0,0,0,0,0,0,0,0,0,0,0,0,0,0,0,0,0,0,0,0,20,0,0,0,0,0,0,0,0,0,0,0,0,0,0,0,0,0,0,0,0,0,0,0,0,0,0,0,1,1,5
0,0,0,0,0,0,0,0,0,0,0,1.14,0,0,0,0,0,0,2.29,0,0,0,0,0,1.14,1.14,0,0,0,0,1.14,0,0,0,0,0,0,0,0,0,0,0,0,2.29,0,0,0,0,0,0,0,0.596,0,0.198,2.133,14,64
0,0.56,0,0,0,0,0,0,0,0,0,0.56,0,0,0,0,0,0,2.27,0,0,0,0,0.56,0,0,0,0,0,0,0,0,0,0,0,0,0,0,0,0,0,0,0,0.56,0.56,0,0,0,0,0.099,0,0,0,0.099,1.035,2,29
0,0,0,0,1.65,0,0,0,0.82,0,0,1.65,0,0,0,0.82,0,0,1.65,0,0.82,0,0,0,0,0,0,0,0,0,0,0,0,0,0,0,0,0,0,0,0,0,0,0,0,0,0,0,0,0.415,0,0,0,0,1.769,11,69
0,0,0.57,0,0,0,0,0,0,0,0,0.57,0,0,0,0,0,0,0.57,0,0.57,0,0,0,0.57,0,0,0,0,0,0,0,1.15,0,0,0,0,0,0,0,0,0,0,1.73,0,0,0,0,0,0.093,0,0,0,0,1.136,3,25
0.14,0.14,0.29,0,0,0,0,0,1.02,0.29,0.14,0.58,0,0,0,0,0,0.14,2.35,0.14,1.02,0,0,0.44,0,0,0,0,0,0,0,0,0,0,0,0,0,0.29,0,0,0,0,0,0,0.14,0,0,0,0,0.204,0,0.153,0.153,0.102,2.705,73,368
0,0,0,0,0,0,0,0,0,0,0,0,0,0,0,0,0,0,0,0,0,0,0,0,0,0,0,0,0,0,0,0,0,0,0,0,0,0,0,0,0,0,0,0,0,6.66,0,0,0,0.334,0,0,0,0,3.333,18,60
0,0,0,0,0,0,0.86,0,0,0,0,0,0,0,0,0.86,0,1.73,3.47,0,1.73,0,0,0,0,0,0,0,0,0,0,0,0,0,0,0,0,0,0,0,0,0,0,0,0,0,0,0,0,0.151,0,0.759,0,0,2.75,10,55
0,0,0.72,0,0.72,0,0.72,0,0,0,0,0,0.72,0,0,0,0,0,1.45,0,1.45,0,0,0.72,0,0,0,0,0,0,0,0,0,0,0,0,0,0,0,0,0,0,0,0,0,0,0,0,0,0.364,0,0.729,0.121,0,7.781,32,249
0,0,0,0,0,0,0,0.77,0,0,0,0,0,0,0,0,0,1.55,2.32,0,0,0,0,0,3.1,3.87,3.1,0.77,0,0.77,0.77,0,0,0,1.55,0.77,0,0,0,0,0,0,0,0,0,0,0,0,0,0.198,0,0.099,0,0,2.325,30,93
0.24,0,0.12,0,0,0.12,0.24,0,0,0,0,0.37,0,0,0,0,0,0,0.86,0,0.24,0,0,0,1.24,0.62,0.49,0.24,0.24,0.24,0.24,0.24,0.37,0.24,0.24,0.24,0.24,0,0.24,0.24,0,0.12,0.24,0.86,0.24,0,0,0,0.018,0.297,0.055,0,0,0,1.801,13,227
0,0,0,0,0,0.78,0,0,0,0,0,0.78,0,0,0,0,0,0,0.78,0,0,0,0,0,0.78,0.78,0,0.78,0,0,0,0,0,0,0.78,0.78,0,0,0,0,0,0,0,0.78,0,0,0,0,0,0.451,0,0,0,0.112,2.714,22,133
0,0.87,0.87,0,0,0,0,0,0,0.87,0,0.87,0,0,0,0,0,0,3.5,0,0.87,0,0,0.87,0,0,0,0,0,0,0,0,0,0,0,0,0,0,0,0,0,0,0,0,0.87,0,0,0,0,0,0,0,0.138,0,2.136,21,47
1.04,0,0,0,0,0,0,0,0,0,0,0,0,0,0,0,0,0,1.04,0,0,0,0,0,0,0,3.12,0,0,0,0,0,0,0,0,0,0,0,0,0,0,1.04,0,0,0,0,0,0,0,0.191,0,0,0,0,1,1,17
0.76,0,0,0,0,0.76,0,0,0,0,0,0,0,0,0,0,0,0,3.07,0,3.07,0,0,0,0,0,0,0,0,0,0,0,0,0,0,0,0,0,0,0,0,0,0,0,0,0,0,0,0,0.253,0,0.253,0,0,2.172,9,63
0,0,0,0,0,0,0,0,0,0,0,0,0,0,0,0,0,0,0,0,0,0,0,0,1.92,0,0,0,0,0,0,0,3.84,0,0,0,1.92,0,3.84,0,0,0,0,0,0,0,0,0,0,0,0,0.178,0,0,1.666,7,50
0,0,0,0,0.81,0,0,0,0,0,0,0,0,0,0,0,0,0,0.81,0,1.63,0,0,0,0,0,0,0,0,0,0,0,0,0,0,0,0,0,0,0,0,0,0,0,0,0,0,0,0,0,0,0.121,0,0,3.871,26,151
0,0,0,0,0,0,0,0,0,0,0,0,0,0,0,0,0,0,0,0,0,0,0,0,8,4,4,4,4,4,4,4,0,4,4,4,0,0,0,4,0,0,0,0,0,0,0,0,0,1.117,0,0,0,0,3.333,11,30
0,0,0,0,1.11,0,0,0,0,0,0,0,0,0,0,0,0,0,2.22,0,3.33,0,0,0,0,0,0,0,0,0,0,0,0,0,0,0,0,0,0,0,0,0,0,0,0,0,0,0,0,0,0,0.784,0,0,5.687,39,91
0,0,0,0,0,0,0,0,0,0.39,0,0,0,0,0,0,0,0,0.39,0,0,0,0,0,2.35,0.39,1.17,0.39,0.39,0.78,0.39,0.39,0,0.39,0.39,1.56,0.39,0,0,0.39,0,0.39,0.39,0,0.39,0,0,0.39,0,0.314,0,0.125,0,0,1.955,13,133
0.67,0,0,0,1.01,0,0,0,0,0,0,0.67,0.67,0,0,0,0,0,1.35,0,1.68,0,0,0,0.33,0.33,0,0,0,0,0,0,0,0,0,0,0.67,0,0,0,0,0.67,0,0,0.33,0,0,0.33,0.097,0.048,0,0.048,0,0,2.326,22,107
0,0,0,0,2.5,0,0,0,0,0,0,0.62,0,0,0,0,1.25,0,3.12,0,0.62,0,0,0,0,0,0,0,0,0,0,0,0,0,0,0,0,0,0,0,0,0,0,0,0,0,0,0,0,0,0,0.08,0,0,2.111,18,57
0,0,0,0,0,0,0,0,0,0,0,0,0,0,0,0,0,0,0,0,0,0,0,0,0,0,20,0,0,0,0,0,0,0,0,0,0,0,0,0,0,0,0,0,0,0,0,0,0,0,0,0,0,0,1,1,6
0,0,0,0,0,0,0,0,0,0,0,0,0,0,0,0,0,1.04,1.04,0,0,0,0,0,1.04,0,0,0,0,0,0,0,0,0,0,0,1.04,0,1.04,0,0,0,1.04,0,0,0,0,0,0.179,0.358,0,0.179,0,0,2.037,13,55
0,0,0,0,0,0,0,0,0,0,0,0,0,0,0,2.04,0,0,1.02,1.02,0,0,0,0,0,0,0,0,0,0,0,0,0,0,0,0,0,0,0,0,0,0,0,0,0,0,0,0,0,0.174,0,0.174,0,0,1.787,7,59
0,0,0,0,0,0,0,0,0,0,0,0,0,0,0,0,0,0,0,0,0,0,0,0,0,0,0,0,0,0,0,0,0,0,0,0,0,0,0,0,0,0,0,0,0,0,0,0,0,0,0,0,0,0,1.166,2,7
0,0,0,0,0,0,0,0,0,0,0,1.33,0,0,0,0,0,0,0.44,0,0,0,0,0,0,0.44,0,0,0,0,0,0,1.33,0,0.44,0,0.89,0,0,0,0,0,0,0,0,0,0,0,0,0.397,0,0,0,0,1.936,10,122
0,0,0,0,0.89,0,0,0,0,0,0,0.89,0,0,0,0,0,0,1.78,0,2.67,0,0,0,0,0,0,0,0,0,0,0,0,0,0,0,0,0,0,0,0,0,0,0,0,0,0,0,0,0.121,0,1.336,0,0,6.611,51,238
0,0,0,0,0,0,0.45,0.91,0.45,0.91,0,0,0,0,0,0,0.45,0.45,0.91,0,0.45,0,0.45,0,0,0,0,0,0,0,0,0,0,0,0,0,0,0,0,0,0,0,0,0,0,0,0,0,0,0.254,0,0.063,0.127,0,4.735,46,161
0,0,0,0,0,0,0.31,0,0,0,0,1.26,0,0,0,0,0,0.31,1.9,0,0.31,0,0.31,0,0,0,0,0,0,0,0,0,0,0,0,0.31,0,0,0,0,0,0,0,0,0,0,0,0,0.043,0.086,0,0.13,0.173,0.26,3.244,60,279
0,0,0,0,0,0,4.54,0,0,0,0,0,0,0,0,0,0,0,0,0,0,0,0,0,0,0,0,0,0,0,0,0,0,0,0,0,0,0,0,0,0,0,0,0,0,0,0,0,0,0,0,0,0,0,1.8,9,18
0.73,0,0.36,0,1.59,0,0,0,0.24,1.35,0.73,2.58,0.61,0,0,0.61,0.12,0,4.55,0,1.72,0,0.49,0.98,0,0,0,0,0,0,0,0,0,0,0,0,0,0,0,0,0,0,0,0,0.12,0,0,0,0,0.041,0,0.104,0.229,0.02,3.705,54,478
0,0,0,0,0,0,0,0,0,0,0,1.31,0,0,0,1.31,0,1.31,0,0,3.94,0,0,1.31,0,0,0,0,0,0,0,0,0,0,0,0,0,0,0,0,0,0,0,0,0,1.31,0,0,0,0,0.194,0,0,0,5.2,55,104
1.63,0,0,0,0,0,0,0,0,0,0,0,0,0,0,0,0,0,0,0,0,0,0,0,0,0,0,0,0,0,0,0,0,0,0,0,0,0,0,0,0,3.27,0,0,1.63,0,0,0,0,0.571,0,0,0,0,1.181,3,13
0,0,0,0,2.04,0,0,0,0,0,0,1.02,1.02,0,0,1.02,0,0,1.02,0,0,0,0,0,0,0,0,0,0,0,0,0,0,0,0,0,0,0,1.02,0,0,0,0,0,0,0,0,0,0,0,0,0,0,0,1.642,4,23
0,0.18,0.72,0,0.18,0,0,0,0,0,0,0.54,0,0,0,0,0,0.18,0.9,0,0.18,0,0,0,0,0,0,0,0,0,0,0,0,0,0,0,0,0,0.36,0,0,0,0,0,0.18,0.54,0,0,0,0.177,0.059,0.148,0.029,0,1.6,18,256
0,0,0,0,0,0,0,0,0,0,0,0,0,0,0,0,0,0,0,0,0,0,0,0,0,0,0,0,0,0,0,0,0,0,0,0,1.36,0,0,0,0,0,0,0,0,0.68,0,0.68,0,0.136,0,0,0,0,4.341,46,178
0,0,0,0,0,0,0,0.67,0,0,0,1.35,0,0,0,0.67,0,0,4.05,0,2.02,0,0,0,0.67,0,0,0,0,0,0,0,0,0,0.67,0,0,0,0,0,0,0,0,0,0.67,0,0,0,0,0.386,0,0,0,0,3.27,19,121
0,0,0,0,0,0,0.46,0,0,0,0,0.46,0,0,0,0,0,0,0.46,0,0,0,0,0,0.46,0,0.92,0,0,0,0,0,2.3,0,0,0,0.92,0,0.92,0,0,0,0.92,0,0.46,0,0,0,0.163,0.163,0,0.163,0,0.081,2.343,13,150
0,0,0,0,1.85,0,0,0,0,0,0,1.85,1.85,0,0,0,0,0,1.85,0,0,0,0,0,0,0,0,0,0,0,0,0,0,0,0,0,0,0,1.85,0,0,0,0,0,0,0,0,0,0,0,0,0,0,0,1.714,4,12
0,0,0.46,0,0,0,0,0,0,0,0,0.46,0,0,0,0,0,0,3.7,0,0,0,0,0.46,0,0,0,0,0,0,0,0,0,0,0,0,0,0,0,0,0,0,0,0,0.46,0,0,0,0,0.094,0,0.473,0,0,2.5,24,40
0,0,0,0,0,0,0,0,0,0,0,0,0,0,0,0,0,0,3.22,0,2.15,0,0,0,0,0,0,0,0,0,0,0,0,0,0,0,0,0,0,0,2.15,0,0,0,0,1.07,0,0,0,0.197,0,0,0,0,2.315,7,44
0.68,0,0,0,0,0,0,0,0,0,0,0.68,0,0,0,0.68,0,0,5.47,0,0,0,0,0,0.68,0,0.68,0,0,0,0,0,0,0,0,0.68,0,0,0,0,0,0,0,0,0.68,0,0,0,0,0.138,0,0,0,0,1.1,3,22
0.65,0.49,0.32,0,0.32,0.16,0,0.49,0.65,0.49,0.16,1.3,0,0,0.16,1.14,1.3,0.16,3.6,0.49,1.8,0,0,0.49,0,0,0,0,0,0,0,0,0,0,0,0,0,0,0,0,0,0,0,0,0,0.16,0,0,0,0.231,0,0.925,0.231,2.29,5.833,47,595
0,0,0,0,0.24,0,0,0,0,0,0,0.24,0,0,0,0,0,0,0,0,0,0,0,0,0,0,0,0,0,0,0,0,2.7,0,0,0.24,0,0,0,0,0,0,0,0,0,0.24,0,0.24,0,0.195,0,0,0,0,2.192,35,239
0,0,0,0,0,0,1.04,0,0,0,0,1.04,0,0,0,0,1.04,0,3.66,0,2.09,0,0,0,0,0,0,0,0,0,0,0,0,0,0,0,0,0,0,0,0,0,0,0,0,0,0,0,0.062,0.248,0,0.621,0.062,0.062,3.902,59,160
0,0,0,0,0,0,0,0,0,0,0,0.86,0.86,0,0,0,0,0,2.58,0,0.86,0,0,0,0,0,0,0,0,0,0,0,0,0,0,0,0.86,0,0,0,0,0,0,0,0.86,0,0,0,0,0,0,0.152,0,0,2.166,14,52
0,0,0,0,0,0,0,0,0,0,0,0,0,2.06,0,0,0,0,0,0,0,0,0,0,0,0,0,0,0,0,0,0,0,0,0,1.03,0,0,0,0,0,0,0,0,1.03,0,0,0,0,0.17,0,0.51,0.34,0,3.761,23,79
0,0,2.08,0,0,0,0,0,0,0,0,2.08,0,2.08,0,0,0,0,2.08,0,0,0,0,0,0,0,0,0,0,0,0,0,0,0,0,0,0,0,0,0,0,0,0,0,0,0,0,0,0,0,0,0,0,0,1,1,11
0,0,0.32,0,0.65,0.65,0.32,0.32,0,0,0,0.32,0.32,0,0,0.32,0.32,0,2.28,0,3.25,0,0,0.32,0,0,0,0,0,0,0,0,0,0,0,0,0,0,0,0,0,0,0,0,0.32,0,0,0,0,0.112,0,0,0.169,0,1.494,10,139
0.47,0.31,0.47,0,0.05,0.13,0.05,0.26,0.44,0.76,0.26,0.97,0.58,1.26,0,0.26,0.44,0,3.24,0,1.5,0,1.02,0.34,0,0,0,0,0,0,0,0,0,0,0,0,0,0,0,0,0,0,0,0,0.02,0,0,0,0.009,0.067,0,0.329,0.78,0.162,6.045,193,3059
0,0,0,0,0,0,0,0,0,1.23,0,0,0,0,0,1.23,0,0,1.23,0,0,0,0,0,0,1.23,2.46,0,0,0,0,0,0,0,0,0,1.23,0,1.23,0,0,0,1.23,2.46,1.23,0,0,0,0,0.77,0,0.192,0,0,1.535,12,43
0,0,0,0,0.49,0,0.98,0,0.49,0,0,0,0,0,0,0,0,0,1.47,0,2.46,0,0.49,0,0,0,0,0,0,0,0,0,0,0,0,0,0,0,0,0,0,0,0.49,0,0,0,0,0,0,0.466,0,0,0,0,2.373,12,197
0,0,0,0,2.38,0,0,0,0,0,0,0,0,0,0,0,0,0,4.76,0,0,0,0,0,0,0,0,0,0,0,0,0,0,0,0,0,0,0,0,0,0,0,0,0,0,0,0,0,0,0,0,0,0,0,2,11,20
0,0,0.46,0,0.23,0.23,0,0,0,0,0,0,0,0,0,0.23,0,0,1.63,0,0.23,0,0,0,0,0,0,0,0,0,0,0,0,0,0,0,0,0,0,0,0.46,0,0,0,0,0.23,0,0,0,0.082,0,0.082,0,0,1.256,5,98
1.19,0,0.59,0,0,0,0,0,0,0,0,1.19,0,0,0,0,0,0,2.97,0,1.19,0,0,0,0,0,0,0,0,0,0,0,0,0,0,0,0,0,0,0,0,0,0,0,0,0,0,0,0,0,0,0.102,0,0,1.52,7,38
0,0,0.9,0,0,0,0,0,0,0.45,0,0,0,0,0,0.45,0,0.45,0,0,0.9,0,0,0,0,0,0,0,0,0,0,0,0,0,0,0,0.45,0,0,0,0,0,0,0,0.45,0.45,0,0,0.056,0.227,0,0.056,0,0.056,5.8,70,290
0,0,0.28,0,0.84,0,0,0,0,0,0,1.96,0,0,0,0,0,0,0.28,0,0,0,0,0,1.4,0.84,0,0,0,0.84,0,0,0,0,0,0,0.56,0,0,0,0,0,0,0,0.28,0,0,0,0,0,0,0,0,0,1.426,7,97
0.79,0.19,0.09,0,0,0,0,0.09,0.29,0.09,0.29,0.59,0.69,0,0,0.09,0,0.59,4.09,0,0.89,0,0.39,0.49,0,0,0,0,0,0,0,0,0,0,0,0,0,0,0,0,0,0,0,0,0,0,0,0,0,0.267,0,0.19,0.247,0,2.324,19,365
0,0.65,0,0,0.65,0,1.31,0,0,0,0,0.65,0,0,0.65,0,0,0,3.28,0,0.65,0,0,0.65,0,0,0,0,0,0,0,0,0,0,0,0,0,0,0,0,0,0,0,0,0,0,0,0,0,0,0.104,0.522,0,0,1.69,11,71
0,0.39,0.19,0,0.19,0.09,0,0,0,0,0,0.29,0,0,0.29,0,0,0.29,0.89,0,0.29,0,0,0,0.49,0.49,0,0,0,0,0,0,0,0,0,0,0.19,0,0,0,4.75,0,0.09,0,0.09,5.74,0,0,1.353,0.08,0,0.016,0,0,1.679,17,178
0,0,0,0,0,0,0,0,0,0,0,0,0,0,0,0,0,0,7.69,0,0,0,0,0,0,0,7.69,0,0,0,0,0,0,0,0,0,0,0,0,0,0,0,0,0,0,0,0,0,0,0,0,0,0,0,1.285,2,9
0,0,1.25,0,2.5,0,0,0,0,0,0,0,0.62,0,0,0,0,0,0.62,0,0,0,0,0,0,0,0,0,0,0,0,0,0,0,0,0,0,0,0,0,0.62,0,0,1.25,0.62,0.62,0,0,0,0.111,0,0,0,0,1.285,4,27
0,0,0,0,0,0,0,0,0,0,0,0,0,0,0,0,0,0,4,0,2,0,0,0,0,0,0,0,0,0,0,0,0,0,0,0,0,0,0,0,0,0,0,0,2,2,0,0,0,0,0,0,0,0,1,1,9
0,0,0.95,0,0.31,0,0,0,0,0,0,0.31,0,0,0,0,0,0,1.26,0,0,0,0,0,0.63,0.95,0,0,0,0,0,0,0,0,0,0.31,0.31,0,0.31,0,0,0,0.31,0,0,0,0,0,0.048,0.339,0,0.048,0,0,1.99,14,215
0.86,0,0,0,0,0,0,0,0,0,0,0,0,0,0,0,0,0,0,0,0,0,0,0,0,0,0,0,0,0,0,0,0.86,0,0,0,0,0.86,0,0,0,0,0,1.72,0,0,0,0,0,0,0,0,0,0,1.564,7,61
0.3,0,0.3,0,0,0,0,0,0,0,0,0.3,0.6,0,0,0,0,0,3.03,0,1.51,0,0,0,0,0,0,0,0,0,0,0,0,0,0,0,0,0,0,0,0.6,0,0,0,1.21,0,0,0,0.055,0.11,0,0.055,0,0,1.947,7,74
0,0.96,0.96,0,1.44,0,0.48,0,0.48,1.92,0.48,0.96,0.48,0,1.92,0,0,0,0.96,0,0.96,0,4.32,0.48,0,0,0,0,0,0,0,0,0,0,0.48,0,0,0,0,0,0,0,0,0,0,0.48,0,0,0,0.061,0,0.43,0.43,0,25.964,305,727
0,0,0.42,0,0,0,0,0,0,0,0,0.85,0,0,0,0.85,0,0.85,4.7,0,0.85,5.55,0,0,0,0,0,0,0,0,0,0,0,0,0,0,0.42,0,0,0,0,0,0,0,0,0,0,0,0,0.082,0,0,0.082,0.248,7.17,42,294
0,0,0,0,0,0,0,0,0,0,0,0,0,0,0,0,0,0,2.56,0,0,0,0,0,0,0,0,0,0,0,0,0,0,0,0,0,0,0,0,0,0,0,0,0,0,5.12,0,0,0,0,0,0.248,0,0,1.1,2,11
0,0,0,0,0,0,0,0,0,0,0,0,0,0,0,0,0,0,5.45,0,0,0,0,0,1.81,0,0,0,0,0,0,0,0,0,0,0,0,0,0,0,0,0,0,0,0,0,0,0,0,0,0,0,0,0,1.5,2,3
3.84,0,0,0,0,0,0,0,0,0,0,0,0,0,0,0,0,0,3.84,0,0,0,0,0,0,0,0,0,0,0,0,0,0,0,0,0,0,0,0,0,0,0,0,0,0,3.84,0,0,0,0.645,0,0,0,0,1,1,6
0.05,0,0.45,0,0.16,0.11,0,0,0.62,0,0,0.16,0,0,0,0,0,0.05,0.22,0,0.16,0,0,0,0.62,0.67,0.05,0,0,0,0,0,0.9,0,0,0,0.67,0,0,0,0,0,0,0,0,0,0,0,0.121,0.162,0.04,0,0.016,0,2.887,45,875
0,0.61,0,0,1.22,0,0,0,0,3.68,0,0,0,0,0.61,0,0,0,1.84,0,1.84,0,0,0,0.61,0.61,0,0,0,2.45,0,0,0,0,0,0,0.61,0,0,0,0,0,0,0,0,0,0,0,0,0,0,0,0,0,1.476,8,62
0,0,0,0,0,0,0,0,0,0,0,0,0,0,0,0,0,0,0,0,0,0,0,0,0,0,0,0,0,0,0,0,0,0,0,0,0,0,0,0,0,0,0,0,0,0,0,0,0,0,1.098,0,0,0,2.375,5,19
1,0,0.33,0,0.66,0.66,0,0,0,0,0,0.33,0.66,0,0,0.66,0.66,0,2.33,0,0.33,0,1.66,0.33,0,0,0,0,0,0,0,0,0,0,0,0,0,0,0,0,0,0,0,0,0,0,0,0,0,0.06,0,0.12,0.541,0,5.428,21,304
0,0,0.4,0,0,0,0,0,0,0.8,0,0,0,0,0,0,0,0,0.4,0,0.4,0,0,0,1.2,0.8,0,0,0,0.4,0,0,0,0,0,0,0,0,0,0,0,0,0,0,0,0,0,0,0,0.099,0,0.049,0,0,2.288,9,135
0,0.54,0.54,0,2.19,0,1.09,0,0,0,0,0.54,0.54,0,0,0.54,3.29,0,3.84,0,1.64,0,0,0,0,0,0,0,0,0,0,0,0,0,0,0,0,0,0,0,0,0,0,0,0,0,0,0,0,0.241,0,1.045,0.321,0,5.047,140,212
0,0,0,0,0,0,0,0,0,0,0,0,0,0,0,0,0,0,18.75,0,0,0,0,0,0,0,0,0,0,0,0,0,0,0,0,0,0,0,0,0,0,0,0,0,6.25,0,0,0,0,0,0,0,0,0,1,1,6
0,0,0,0,0,0,0,0,0,0,0,0,0.91,0,0,0,0,0,0.91,0,0,0,0,0,0,0,0,0,0,0,0,0,0,0,0,0,0,0,0,0,0,0,0,0,0,0,0,0,0,0.143,0,0.573,0,0,2.884,18,75
0,0,1.35,0,0.67,0,0,0,0,0.67,0,0,0,0,0,0,0,0.67,0.67,0,0,0,0,0,0,0,0,0,0,0,0,0,0,0,0,0,0,0,0,0,0,0,0,0,0.67,0,0,0,0,0,0,0.802,0.114,0,2.527,20,139
0,0,0,0,2.17,0,0,0,0,0,0,2.17,0,0,0,2.17,0,2.17,6.52,0,2.17,0,0,0,0,0,0,0,0,0,0,0,0,0,0,0,0,0,0,0,0,0,0,0,0,0,0,0,0,0,0,0,0,0,1.333,5,16
0,0,1.58,0,0,0,0,0,0,0,0,0,0,0,0,0,0,0,3.17,0,4.76,0,0,0,0,0,0,0,0,0,0,0,0,0,0,0,0,0,0,0,0,0,0,0,0,0,0,0,0,0,0,0,0,0,1.23,4,16
0.23,0.59,0.23,0,0.23,0.11,0,0,0.82,1.18,0.11,2,0.23,0,0,0,0.11,0,4.84,4.96,1.77,0,0,0.23,0,0,0,0,0,0,0,0,0,0,0,0,0,0,0,0,0,0,0,0,0.11,0,0,0,0,0.186,0,0.13,0.168,0.018,5.76,175,795
0,0,0,0,2.94,0,0,0,0,0,0,0,0,0,0,2.94,0,0,0,0,0,0,0,0,0,0,0,0,0,0,0,0,0,0,0,0,0,0,0,0,0,0,0,0,0,0,0,0,0.335,0.335,0,0.671,0,0,4,12,28
0,0,0.47,0,0.7,0,0.7,0.23,0,0,0,0.47,0,0,0,1.65,0.7,0.23,2.12,0,1.65,0,0,0.23,0,0,0,0,0,0,0,0,0,0,0,0.23,0,0,0,0,0,0,0,0,0.23,0,0,0,0,0.037,0.037,1.362,0.037,0,5.236,111,576
0.25,0,0,0,0,0,0,0,0.25,0,0,0,0,0,0,0.25,0,0,0.25,0,0,0,0,0,2.06,1.03,0.25,0.25,0.25,0.25,0.25,0.25,2.83,0.25,0.25,0.25,0.25,0,0,0.25,0,0,0.25,0,0.25,0,0,0,0.301,0.473,0.043,0.043,0,0,2.111,17,190
0,1.52,0,0,0.76,0,0,0,0,0.76,0,0,0,0,0,0,0,0,0,0,0.76,0,0,0,0.76,0.76,1.52,0,0,0,0,0.76,0,0.76,0,0,1.52,0,0.76,0,0,0.76,0.76,0,0.76,0,0,0,0.121,0.365,0.121,0.487,0,0,1.956,22,90
0,0,0,0,0,0,0,0,0,0,0,0,0,0,0,0,0,0,2.22,0,0,0,0,0,2.22,2.22,0,0,0,0,0,0,0,0,2.22,0,0,0,0,0,0,0,0,0,0,0,0,0,0,0,0,0,0,0,1.769,8,23
0.2,0.41,0.2,0,1.44,0,0,0.41,0.41,0.62,0,1.86,0.2,0.2,0,0.2,0.41,0,2.69,1.03,2.48,0,0,0,0,0,0,0,0,0,0,0,0,0,0,0,0,0,0,0,0,0,0,0,0,0,0,0,0,0.249,0,0.996,0.106,0,7.836,116,384
0,0,0.56,0,0,0,0,0,0,1.12,0,0.56,0,0,0,0,0,0,1.12,0,1.12,0,0,0,0.56,0.56,0,1.12,0,0,0,0,0,0,0,0.56,0,0,0,0,0,0,0,0,1.12,0,0,0,0,0.311,0,0,0,0,2.486,11,92
0,0,0,0,1.28,0,0,0,0,2.56,0,0.64,0,0,0,0,0,0,1.92,0,0.64,0,0,0,0.64,0.64,0,0,0,1.92,0,0,0,0,0,0,0.64,0,0,0,0,0,0,0,0,0,0,0,0,0,0,0,0,0,1.536,8,63
0,0,0,0,0,0,0,0,0,0,0,0.72,0,0,0,0,0,0,0,0,0,0,0,0,0,0,0,0.48,0,0,0,0,0,0,0,0.24,0,0,0.48,0,0,0,0,0,0,0,0,0,0,0.186,0,0,0,0,2.823,38,240
0.46,0,0.46,0,0,0,0,0.46,0,0,0,1.38,0,0,2.31,0,0.46,0.46,2.77,0,2.31,0,1.38,0,0,0,0,0,0,0,0,0,0,0,0,0,0,0,0,0.46,0,0,0,0,0,0,0,0,0,0.49,0,0.081,0.816,0,3.4,12,102
0,0,0,0,0.87,0,0,0,0,0,0,0,0,0.87,0,0,0,0,0.87,0,0,0,0,0,0,0,0,0,0,0,0,0,0,0,0,0,0,0,0,0,0,0,0,0,0,0,0,0,0,0.132,0,0,0,0,3.851,51,104
0.86,0,0.86,0,0,0,0,0,0,0,0,0.43,0,0,0,0.86,0.86,0,3.47,0,1.73,0,0,0,0,0,0,0,0,0,0,0,0,0.43,0,0,0,0,0,0,0,0,0,0,0,0,0,0,0,0.24,0,1.765,0.481,0.08,7.059,159,473
0,0,1.81,0,0,0,0,0,0,0,0,0.9,0.9,0,0,0,0,0,4.54,0,2.72,0,0,0,0,0,0,0,0,0,0,0,0,0,0,0,0,0,0,0,0,0,0,0,0,0,0,0,0,0,0,0.164,0,0,1.391,8,32
1.49,0,0,0,0,0,0,0,0,0,0,1.49,0,0,0,0,0,0,4.47,0,1.49,0,0,0,0,1.49,0,0,0,0,0,0,0,0,0,0,0,0,0,0,0,0,0,1.49,0,0,0,0,0,0,0,0,0,0,1.933,8,29
0,0,0,0,0,0.65,0,0.65,0,0.65,0,1.97,0,0,0,0,0,0,0,0,0,0,0,0,0,0,0.65,0,0,0,0,0,0,0,0,0,0,0,0,0,0,0,0,0,0.65,0,0,0,0.108,0.108,0,0,0.108,0,1.924,9,102
0,0,1.96,0,0,0,0,0,0,0,0,0,0,1.96,0,0,0,0,1.96,0,1.96,0,0,0,0,0,0,0,1.96,0,0,0,0,0,0,0,0,0,0,0,0,0,0,0,0,0,0,0,0,0,0,0,0,0,2.142,11,30
0,0,0,0,0,0,0,0,0,0,0,0,0,0,0,0,0,1.66,0,0,0,0,0,0,1.66,1.66,0,3.33,0,0,0,0,0,0,3.33,0,0,0,0,0,0,0,0,0,0,0,0,1.66,0,0,0,0,0,0.53,4.052,22,77
0,0,0,0,0,0,0,0,5.26,0,0,0,0,0,0,0,2.63,0,2.63,0,5.26,0,0,0,0,0,0,0,0,0,0,0,0,0,0,0,0,0,0,0,0,0,0,0,0,0,0,0,0,0,0,0,0,0,2.058,11,35
0,0.55,0.55,0,2.23,0.55,0,0.55,0,0,0.55,0,0,0,0,0,0,1.11,1.67,0,2.23,0,0,0.55,0,0,0,0,0,0,0.55,0,0,0,0,0,0.55,0,0,0,0,0,0,0,0,0,0,0,0,0.265,0,0.088,0.353,0,2.571,11,108
0,0,0,0,0.9,0,0,0,0,0,0,0,0,0,0,0,0,0,2.7,0,0.9,0,0,0,0,0,0,0,0,0,0,0,0,0,0,0,1.8,0,0,0,0,0,1.8,0,0.9,0,0,0,0,0,0,0.281,0,0,1.551,13,76
0,0,1.33,0,0,0,0,0,0.66,0,0,0,0,0,0,0,0,0,0,0,1.33,0,0,0,2,1.33,2,0.66,0.66,0.66,0.66,0.66,0,0.66,0.66,0.66,0,0,0.66,0.66,0,0,0.66,0,0.66,0,0,0,0.3,0.2,0.1,0,0,0,1.979,12,97
0.64,0,0.64,0,1.28,0,0.64,0,0,0,0,0.64,0,0,0,0.64,0.64,0,1.28,0,3.2,0,0.64,0,0,0,0,0,0,0,0,0,0,0,0,0,0,0,0,0,0,0,0,0,0,0,0,0,0,0,0,0.551,0.459,0,2.333,22,119
0,0,0,0,0,0,0,0,0,0,0,0,0,0,0,0,0,0,0,0,0,0,0,0,0,0,0,0,0,0,0,0,0,0,0,0,0,0,0,0,0,0,0,0,0,0,0,0,0,0,0,0,0,0,1,1,3
0,0,0,0,0,0,0,0,0.83,1.66,0,0,0,0,0,0,0,0,0.83,0,2.5,0,0,0,0,0,0,0,0,0,0,0,0,0,0,0,0,0,0,4.16,0,0,0,0,0,0,0,0,0,0.118,0,0,0,0,1.475,11,59
0,0,0,0,0,0,0,0,0,0,0,0,0,0,0,0,0,0,0,0,0,0,0,0,0,0,5,0,0,0,0,0,0,0,0,0,0,0,0,0,0,0,0,0,0,0,0,0,0,0,0,0,0,0,1.25,2,10
0,0,0,0,0,0,0,0,0,0,0,0,0,0,0,0,0,0,0,0,0,0,0,0,0,0,20,0,0,0,0,0,0,0,0,0,0,0,0,0,0,0,0,0,0,0,0,0,0,0,0,0,0,0,1,1,5
0.78,0,0.78,0,1.57,0,0,0,0,0,0,0,0,0,0,1.57,0.78,0,1.57,0,2.36,0,0.78,0,0,0,0,0,0,0,0,0,0,0,0,0,0,0,0,0,0,0,0,0,0,0,0,0,0,0,0,0.682,0.341,0,2.555,22,115
0,0,0,0,0,0,0,0,0,0,0,4.34,0,0,0,0,0.62,0,0,0,0.62,0,0,0,3.1,0,0,0,0,0.62,0,0,0,0,0,0.62,0,0,0.62,0,0,0,0,0,0.62,0,0,0,0,0.166,0,0.333,0,0,4.255,34,200
0,0,0.47,0,0.95,0,0,0,0.47,0,0,0,0,0,0,0.95,0.95,0,1.42,0,0.47,0,0.95,0,0,0,0,0,0,0,0,0,0,0,0,0,0,0,0,0,0,0,0,0,0.47,0,0,0,0,0.131,0.065,0.461,0.263,0,3.493,61,255
0.02,0.02,0,0,0,0,0,0,0.05,0.08,0.02,0.17,0,0,0,0,0.02,0.11,0.02,0,0,0,0,0,0.44,0.26,0,0,0.02,0.05,0,0,0,0,0,0.02,0.14,0,0,0,0.35,0,0.02,0,0.11,1.15,0,0,0.024,0.17,0,0.126,0,0,3.637,49,2015
0.06,0.03,0.46,0,0.13,0.06,0,0.03,0.03,0.16,0.19,0.59,0.06,0.03,0,0.19,0,0,1.23,0.19,1.06,0,0,0,1.53,0.23,0,0.06,0,0.06,0.36,0,0,0,0.13,0.09,0.13,0.16,0.19,0,0,0,0,0.06,0.03,0,0,0.13,0.024,0.231,0,0.019,0.009,0.004,1.885,25,1738
0,0,0,0,0,0,0,0,0,0,0,0,0,0,0,0,0,0,0,0,0,0,0,0,0,0,0,0,0,0,0,0,0,0,0,0,0,0,0,0,0,0,0,0,0,0,0,0,0,0.613,0,0,0,0,2,3,6
0.12,0.19,0.7,0,0.44,0,0.06,0,0.57,0.5,0.25,0.95,0.06,0,0.19,0,0.06,0,3.82,0.19,2.48,0,0,0.19,0,0,0,0,0,0,0,0,0,0,0.06,0,0,0,0,0,0,0.06,0,0,0,0,0,0,0,0.102,0,0.133,0.041,0.143,3.29,74,1030
0,0,0,0,0,0,0,1.07,0,0,0,0,0,0,0,0,0,0,0,0,0,0,1.07,0,0,0,0,0,0,0,0,0,0,0,0,0,0,0,0,0,0,0,0,0,1.07,0,0,0,0,0.19,0,0.19,0.38,0,3.6,16,72
0.34,0.42,0.25,0,0.08,0.42,0.08,0.25,0.08,1.63,0.34,0.51,0.94,0,0.17,0.08,0,0,3,0,0.94,0,0.34,0.34,0,0,0,0,0,0,0,0,0,0,0,0,0,0,0,0,0,0,0,0,0.17,0,0,0,0,0.063,0,0.287,0.223,0.079,3.314,62,537
0.34,0,0.69,0,0,0,0,0,0,0,0,0.69,0,0,0,0,0,0,2.09,0,0,0,0,0,0,0,0,0,0,0,0,0,0,0,0,0,0,0,0,0,0,0.69,0,1.39,0,0.34,0,0,0,0.374,0,0,0,0,1.775,5,71
0,0,0,0,0,0,0,0,0,0,0,0,0,0,0,0,0,1.4,7.04,0,0,0,0,0,0,0,0,0,0,0,0,0,0,0,0,0,0,0,0,0,0,0,0,0,0,0,0,0,0,0,0,0.543,0,0,5,15,50
0,0,0,0,0,0,0,0,0,0,0,0.58,0,0,0,0.58,0,0,2.9,0,0.58,0.58,0,0,0,0,0,0,0,0,0,0,0,0,0,0,0,0,0,0,0,0,0,0,0,0.58,0,0,0,0.185,0,0,0,0.092,2.468,11,79
0,0.25,0,0,0,0,0,0,0,0.51,0.77,0.25,0,0,0,0,0,0,1.02,0,0.51,0,0,0,0.25,0.51,0,0,0,0,0,0,0,0,0,0,0,0,0,0,0,0,0,0,0,0,0,0,0,0.124,0,0.207,0,0,10.409,343,635
0.39,0,0.39,0,0.59,0,0,0,0,0,0,0.19,0,0,0,0,0,0.19,0.59,0,0.19,0,0,0,1.39,0,0,0.39,0,0,0,0,0.59,0,0.39,0,0.19,0,0,0,0,0,0,0,0.39,0.19,0,0,0,0.191,0,0,0,0,2.566,34,349
0,0,0,0,0,0,0,0,0.74,0,0,0,0,0,0,0,0,0,2.23,0,0,0,0,0,0,0,0,0,0,0,0,0,0,0,0,0,0,0,0.74,0,0,0,0,0,0.74,0,0,0,0,0.276,0,0.552,0,0,2.666,16,72
0.26,0,0,0,0,0,0,0,0,0.53,0,3.76,0,0,0,0,0,0,0.26,0,0,0,0,0,3.76,2.68,0,0,0,0.26,0,0,0,0,0.26,0,0,0,0,0,0,0,0,0,0,0,0,0,0,0.55,0,0.045,0,0,1.837,11,158
1.24,0.41,1.24,0,0,0,0,0,0,0,0,0.41,0,0,0,0.41,0,0.82,3.73,0,1.24,0,0,0.41,0,0,0,0,0,0,0,0,0,0,0,0,0,0,0,0,0,0,0,0,0.41,0,0,0,0,0.068,0,0.48,0.549,0,3.166,19,114
0,0,0,0,0,0,0,0,0,0,0,0,0,0,0,0,0,0,0,0,0,0,0,0,0,0,0,0,0,0,0,0,0,0,0,0,0,0,0,0,0,0,0,0,0,0,0,0,0,0,0,0,0,0,1,1,4
0,0,0,0,0,0,0,0,0,0,0,0,0,0,0,0,0,0,4.16,0,0,0,0,0,0,0,0,0,0,0,0,0,0,0,0,0,0,0,0,0,0,0,0,0,0,0,0,0,0,0,0,0.74,0,0,1.625,6,13
0,0.56,0.28,0,0,0,0.56,0,0,0.56,0.28,0.56,0.28,0,0,1.41,0.28,0,1.97,0,1.12,0,0,0,0,0,0,0,0,0,0,0,0,0,0,0,0,0,0,0,0,0,0,0,0.28,0,0,0,0,0.118,0,0.158,0,0.158,9.25,394,555
0,0,0.64,0,0,0.64,0,0,0,0,0,0,0,0,0,0,0,0,3.84,0,0.64,0,0,0,1.28,0.64,1.92,0.64,0.64,0.64,0.64,0.64,0,0.64,0.64,0.64,0.64,0,0.64,0.64,0,0,0.64,0,1.28,0,0,0,0,0.225,0,0.225,0,0,1.902,12,78
0.39,0,0.39,0,0,0.39,0,0,0,0,0,0.39,0.78,0,0,0,1.17,0.78,3.13,0,1.17,0,0,1.56,0,0,0,0,0,0,0,0,0,0,0,0,0,0,0,0,0,0,0,0,0,0,0,0,0,0,0,0.261,0,0,1.461,19,114
0,0,1.18,0,0,0,0,0,0.59,0,0,0,0,0,0,0,0,0,1.77,0,1.77,0,0,0,0,0,0,0,0,0,0,0,0,0,0,0,0.59,0,0,0,0,0,0,0,0,0,0,0,0,0,0,0.313,0.313,0,7.588,66,129
0,0,0.86,0,0.43,0,0,0,0,0,0,0,0,0,0,0.43,0,0,2.17,0,1.3,0,0,0,0,0,0,0,0,0,0,0,0,0,0,0,0,0,0,0,0,0,0,0,0.43,0,0,0,0,0.161,0,1.133,0,0,1.2,6,114
0,0,0,0,0,0,0,0,0,0,0,1.01,0,0,0,1.01,0,0,2.02,0,0,0,0,0,0,0,0,0,0,0,0,0,0,0,0,0,0,0,0,0,0,0,0,0,0,0,0,0,0,0,0,0.327,0,0,1.263,6,24
0,0,0,0,0,0,0,0,0,0,0,0,0,0,0,0,0,0,8.1,0,0,0,0,0,0,0,0,0,0,0,0,0,0,0,0,0,0,0,0,0,0,0,0,0,2.7,0,0,0,0,0,0,0,0,0,1,1,5
0,0,0,0,0,0,0,0,0,0,0,0,0,0,0,0,0,0,0,0,0,0,0,0,0,0,0,0,0,0,0,0,3.7,0,0,0,0,0,0,0,0,0,0,0,0,0,0,0,0,0,0,0,0,0,1.666,5,20
0.13,0.26,0.52,0,0.26,0,0.13,0,0,0.39,0.13,0.13,0.13,0,0.26,0.13,0,0.78,0.39,0.13,0.52,0,0,0,0,0,0,0,0,0,0,0,0,0,0,0,0,0,0,0,0,0,0,0,0,0,0,0,0,0,0,0.366,0,0.04,7.138,149,1235
2,0,0,0,0,0,0,0,0,0,2,2,0,0,0,0,0,0,2,0,8,0,0,0,0,0,0,0,0,0,0,0,0,0,0,0,0,0,0,0,0,0,0,0,0,0,0,0,0,0,0,0,0,0,5.888,29,53
0,0,0.69,0,0,0,0,0,0,0,0,1.39,0,0,0,0,0,0,0,0,0,0,0,0,2.79,0,0,0,0,0,0,0,0.69,0,0,0,0,0,0,0,0,0,0,1.39,0,0,0,0,0,0,0,0,0,0,1.268,4,52
0,0,0,0,0,0,0,0,0,0,0,0,0,0,0,0,0,0,0,0,0,0,0,0,0,0,0,0,0,0,0,0,0,0,0,0,0,0,0,0,0,5.26,0,0,0,0,0,0,0,0,0,0,0,0,1,1,7
0,0,0,0,0,0,0,2.2,0,0,1.47,0.73,0,0,0,2.94,0,0,5.14,0,0.73,0,0,0,0,0,0,0,0,0,0,0,0,0,0,0,0,0,0,0,0,0,0,0,0,0,0,0,0,0,0,0,0,0,1.6,8,48
0,0.56,0.56,0,1.12,0.56,2.25,0,0,0.56,0,0.56,0,0,0,0,0,0.56,3.38,0,1.12,0,0,0,0,0,0,0,0,0,0,0,0,0,0,0,0,0,0,0,0,0,0,0,0.56,0,0,0,0,0.083,0,0.502,0,0.083,16.304,148,375
0.89,0,0.89,0,0,0,1.78,0,0,0,0.89,1.78,0,0,0,0,0,0,6.25,0,0,0,0,0,0,0,0,0,0,0,0,0,0,0,0,0,0,0,0,0,0,0,0,0,0.89,0,0,0,0,0,0,1.344,0,0,5.25,16,84
0.21,0.21,0.42,0,0.42,0.21,0,0.42,0.42,0.21,0,0.64,0,0,0,0.85,1.07,0,4.07,1.07,1.07,0,0,0,0,0,0,0,0,0,0,0,0,0,0,0,0,0,0,0,0,0,0,0,0,0,0,0,0,0.216,0,0.432,0.18,0.072,4.391,36,303
0,0,0,0,0,0,0,0,0,1.19,0,0,0,0,0,0,0,0,1.19,0,0,0,0,0,0,0,0,0,0,0,0,0,0,0,0,0,1.19,0,0,0,0,0,0,0,0,9.52,0,0,0,0,0,0,0,0,2.074,15,56
0,0,0,0,0,0,0,1.11,0,0,0,0,0,0,0,0,0,0,0,0,0,0,1.11,0,0,0,0,0,0,0,0,0,0,0,0,0,0,0,0,0,0,0,0,0,1.11,0,0,0,0,0.208,0,0.208,0.416,0,3.95,23,79
0,0,0.66,0,0,0,0,0,0,0,0,0,0,0,0,0,0,0,2.66,0,0,0,0,0,0,0,0,0,0,0,0,0,0,0,0,0,0,0,0,0,0,0,0,0,0.66,0,0,0,0,0.231,0,0.231,0,0,1.761,17,37
0,0,0,0,2.08,0,0,0,0,0,0.83,0.83,0,0,0,0.83,0,1.66,2.91,0,0.41,0,0,0,0,0,0,0,0,0,0,0,0,0,0,0,0,0,0,0,0,0,0,0,0,0,0,0,0,0.131,0,0.329,0,0.065,2.962,11,157
0,0,0,0,0,0,0,0,0,0,0,1.85,0,0,0,0,0,0,0,0,0,0,0,0,0,0,0,0,0,0,0,0,0,0,0,0,0,0,0,0,0,0,0,0,0,0,0,0,0,0,0,0,0,0,1.142,3,16
0,0,1.26,0,0,0,0,0,0,0,0,0,0,0,0,0,0,1.26,0,0,0,0,0,0,2.53,1.26,0,1.26,0,1.26,1.26,0,0,0,1.26,1.26,0,0,0,0,0,0,0,0,0,0,0,0,0,0.149,0,0.149,0,0,1.423,10,37
0,0,0,0,0,1.09,0,0,0,0,0,0,0,0,0,0,0,0,2.19,0,0,0,0,0,0,0,0,0,0,0,0,0,0,0,0,0,0,0,0,0,0,0,0,0,0,0,0,0,0,0.403,0,3.427,0,0,2.678,12,75
0,0,0,0,0,0,0,0,0,0,0,0,0,0,0,0,0,0,0,0,0,15.43,0,0,0,0,0,0,0,0,0,0,0,0,0,0,0,0,0,0,0,0,0,0,0,0,0,0,0,0,0,0,0,1.118,17.481,49,472
0,0,0,0,0,0,0,0,0,0,0,0,0,0,0,0,0,0,0,0,0,0,0,0,0,0,0,0,0,0,0,0,0,0,0,0,0,0,0,0,0,0,0,0,1.36,0,0,0,0,0.215,0,0,0.215,0,3.937,18,63
0,0,1.02,0,0,0,0,0,0,0,0,0,0,0,0,0,0,0,3.06,0,2.04,0,0,0,0,0,0,0,0,0,0,0,0,0,0,0,0,0,0,0,1.02,0,0,0,0,1.02,0,0,0,0.55,0,0,0,0,1.333,5,28
0,0,0,0,0,0,0,0,0,0,0,6.25,0,0,0,0,0,0,12.5,0,0,0,0,0,0,0,0,0,0,0,0,0,0,0,0,0,0,0,0,0,0,0,0,0,0,0,0,0,0,0,0,0,0,0,1,1,2
0,0.25,0.75,0,1,0.25,0,0,0,0,0.25,0.25,1.25,0,0,0.25,0,1.25,2.51,0,1.75,0,0.25,0,0,0,0.25,0,0,0,0,0,0,0,0,0,0,0,0,0,0,0,0,0,0,0,0,0,0,0,0,0.042,0,0,1.204,7,118
0,0,0,0,0,0,0,0,0,0,0,0,0,0,0,4.76,0,0,1.58,0,0,0,0,0,0,0,0,0,0,0,0,0,0,0,0,0,0,0,0,0,0,0,0,0,0,0,0,0,0,0,0,2.412,0,0.268,20,137,180
0,0,0,0,0,0,0,0,0,0,0,1.31,0,0,0,0,0,0,0,0,0,0,0,0,2.63,2.63,0,0,0,0,0,0,0,0,0,0,0,0,0,0,0,0,0,0,0,0,0,0,0,0,0,0,0,0,2.208,10,53
0,0,0.86,0,0,0,0,0,0,0,0,0.86,0,0,0,0,0,0.86,0.86,0,2.58,0,0,0,1.72,0.86,0,0.86,0,0.86,0.86,0,0,0,0.86,0.86,0,0,0,0,0,0,0,0,0,0,0,0,0,0.11,0,0.11,0,0,1.812,10,58
0,0,0,40.13,0,0,0,0,0,0.32,0,0,0,0,0,0,0,0.32,0.98,0,0.32,0,0,0,0,0,0,0,0,0,0,0,0,0,0,0,0,0,0,0,0,0,0,0,0,0,0,0,0,0.185,0,0.185,0.061,0,10.585,124,434
0,0,0,0,0,0,0,0,0,0,0,0,0,0,0,0,0,0,2.77,0,0,0,0,0,0,0,0,0,0,0,0,0,0,0,0,0,0,0,0,0,0,0,0,0,0.69,0,0,0,0,0,0,9.575,0,0,1.387,5,43
0,0.35,0.35,0,1.07,0,0,0.35,0,1.07,0,0.71,0,0,0,0,0.71,0.71,2.85,0,2.5,0,1.42,0,0,0,0,0,0,0,0,0,0,0,0,0,0,0,0,0.35,0,0,0,0,0.35,0,0,0,0,0.24,0,0.24,0.24,0,3.414,25,140
2,0,0,0,0,0,0,0,0,0,2,2,0,0,0,0,0,0,2,0,8,0,0,0,0,0,0,0,0,0,0,0,0,0,0,0,0,0,0,0,0,0,0,0,0,0,0,0,0,0,0,0,0,0,5.888,29,53
0,0.44,0.44,0,0,0,0,0,0,0,0,0.88,1.32,0,0,0,0,0.88,3.96,0,3.08,0,0.44,0,0,0,0,0,0,0,0,0,0,0,0,0,0,0,0,0,0,0,0,0,0,0,0,0,0,0.074,0,0.669,0.297,0,3.666,82,165
0,0,0,0,0,0,0,0,0,0,0,0,0,0,0,0,0,0,0,0,0,0,0,0,16.66,0,0,0,0,0,0,0,0,0,0,0,0,0,0,0,0,0,0,0,0,0,0,0,0,0,0,0,0,0,3.125,17,25
0.25,0,0,0,0.25,0.25,0,0,0,0,0,0.51,0,0.25,0,0,0,0.25,0.51,0,0.25,0,0,0,0,0.25,0,0,0,0,0,0,0.25,0,0,0,0,0,0,0,0.25,0,0,0,0,0.25,0,0.25,0,0.082,0,0,0,0.041,1.287,4,85
0,0,0,0,0,0,0,0,0,0,0,0,0,0,0,0,0,0,4.44,0,4.44,0,0,0,0,0,0,0,0,0,0,0,0,0,0,0,0,0,0,0,0,0,0,0,2.22,0,0,0,0,0,0,0.383,0,0,1.333,3,8
0.14,0.14,0.29,0,0.29,0.29,0,0.29,0,0,0.29,0,0.14,0,0,0.87,0.29,0.43,3.66,0,1.31,0,0,0,0,0,0,0,0,0,0,0,0,0,0,0,0.29,0,0,0,0,0,0,0,0.58,0,0,0,0,0.024,0,0.265,0,0,3.121,38,437
0,0,0,0,0,0,0,0,0,0,0,0,0,0,0,0,0,0,1.32,0,0,0,0,0,1.98,3.97,0,0,0,0.66,0,0,0,0,0,0.66,0,0,0,0,0,0,0,0,0,0,0,0,0,0,0,0.102,0,0,2.531,30,81
0.5,0.19,0.57,0,0.25,0.38,0,0,0.5,0.06,0.12,0.63,0.19,0,0,0.69,0.5,0.38,3.49,0.06,1.27,0,0.31,1.08,0,0,0,0,0,0,0,0,0,0,0,0,0,0,0,0,0,0,0,0,0.25,0,0.06,0,0,0.067,0,0.435,0.592,0.022,5.335,73,1590
0.2,0,0.1,0,0,0.1,0.2,0,0,0,0,0.72,0,0,0,0.1,0.2,0.1,4.17,0,1.35,0,0.52,0.41,0,0,0,0,0,0,0,0,0,0,0,0,0,0,0,0,0,0,0,0,0,0,0,0,0,0.057,0,0.095,0,0,2.717,24,318
0,0,0,0,0,0,0,0,0,0,0,0,0,0,0,0,0,0,0,0,0,0,0,0,0,0,0,0,0,0,0,0,0,0,0,0,0,0,0,0,0,0,0,0,3.7,0,0,0,0,0,0,0.666,0,0,1.222,3,11
0,0,0.55,0,0.55,0,0,0,0,0.55,0,0,0,0,0,0.55,0,0,1.67,0,0.55,0,0,0,0,0,0,0,0,0,0,0,0,0,0,0,0,0,0,0,0,0,0,0,0.55,0,0,0,0,0.099,0,0.893,0,0,2.122,16,121
0,0,0,0,0,0,0,0,0,0,0,0,0,0,0,0,0,0,0,0,0,0,0,0,0,0,0,0,0,0,0,0,0,0,0,0,0,0,0,0,1.66,0,0,0,1.66,3.33,0,0,0,0.8,0,0,0,0,1.5,4,33
0,0,0.47,0,0.47,0.47,0.47,0,0,2.38,0,0.95,0.47,0,0,0,0.47,0,1.9,0,0,0,4.76,0,0,0,0,0,0,0,0,0,0,0,0,0,0.47,0,0,0,0,0,0,0,0,0,0,0,0,0.266,0,0.621,0.799,0.088,36.642,148,513
0,0,3.03,0,0,0,0,0,0,0,0,0,0,0,0,0,0,0,0,0,0,0,0,0,0,0,0,0,0,0,0,0,0,0,0,0,0,0,0,0,0,0,0,0,3.03,3.03,0,0,0,0,0,0,0,0,1.111,2,10
0,0,0,0,0,0,0,0,0,0,0,0,0,0,0,0,0,0,0,0,0,0,0,0,0,0,13.33,0,0,0,0,0,0,0,0,0,0,0,0,0,0,0,0,0,6.66,0,0,0,0,0,0,1.149,0,0,1.5,3,12
0,0,0.29,0,0.29,0.29,0.29,0.29,0,0,0.58,0.87,0,0,0,0.87,0.58,0.29,2.61,2.61,2.9,0,0,0.58,0,0,0,0,0,0,0,0,0,0,0,0,0,0,0,0,0,0,0,0,0,0,0,0,0,0.046,0,0.14,0,0.14,4.892,139,274
0,0,0,0,0,0,0,0.08,0,0,0,0.08,0,0,0,0,0.08,0,0,0,0,0,0,0,0.08,0.08,0.08,0,0,0,0,0,0,0,0,0.42,0,0,0,0,0.08,0,0,0,0,0,0,0.34,0.081,0.451,0,0,0,0,1.833,18,935
0,0,0.6,0,0,0,0,0,0,0,0,0,0,0,0,0.6,0,0,1.8,0,1.2,0,0,0,0,0,0,0,0,0,0,0,0,0,0,0,0,0,0,0,0,0,0,0,0,0,0,0,0,0,0,0.817,0,0,1.857,15,39
0,0,0,0,0,0,0,0,0,0,0,4.65,0,2.32,0,0,0,0,0,0,0,0,0,0,0,0,0,0,0,0,0,0,0,0,0,0,0,0,0,0,0,0,0,0,0,0,0,0,0,0,0,0.448,0,0,2,4,28
0.42,0,0.42,0,2.53,0.42,0.42,0,0,0.84,0.42,0.84,0,0,0,1.68,0,0,2.95,0,2.1,0,2.53,0,0,0,0,0,0,0,0,0,0,0,0,0,0,0,0,0,0,0,0,0,0,0,0,0,0,0.291,0,0.072,1.457,0.072,2.632,12,179
0.09,0,0.27,0,0.36,0.09,0,0.18,0.09,0,0,0.73,0,0.36,0,0,0,0,2.01,0,3.38,0,0.36,0.09,0,0,0,0,0,0,0,0,0,0,0,0,0,0,0,0,0,0,0,0,0.27,0,0,0,0.016,0.048,0.032,0.257,0.032,0.032,3.689,69,535
1.02,0,0,0,0,0,0,0,0,1.02,0,0,0,0,0,0,0,0,0,0,0,0,0,0,1.02,1.02,0,2.04,0,0,0,0,0,0,0,1.02,0,0,0,0,0,0,0,0,0,0,0,0,0,0.531,0,0,0,0,2.967,11,92
1.63,0,1.63,0,0,0,0,0,1.63,0,0,0,0,0,0,1.63,0,0,3.27,0,3.27,0,0,0,0,0,0,0,0,0,0,0,0,0,0,0,0,0,0,0,0,0,0,0,0,0,0,0,0,0,0,0.759,0.253,0,2,16,36
0,0,0,0,0,0,0,0,0.93,0,0,0,0,0,0,0,0,0,0.93,0,3.73,0,0,0,0,0,0,0,0,0,0,0,0,0,0,0,0,0,0,0,0,0,0,0,0,0,0,0,0,0.14,0,0.561,0,0,2.166,23,65
1.18,0.39,0.59,0,0,0.98,0.19,0.19,1.38,0.39,0,0.98,0,0.19,0,0.98,0,0,2.56,0.39,1.38,0,0,1.38,0,0,0,0,0,0,0,0,0,0,0,0,0,0,0,0,0,0,0,0,0,0,0,0,0,0.23,0,0.741,0.306,0.025,6.652,76,632
0,0,0,0,0,0,0,0,0,0,0,0,0,0,0,0,0,0,2.94,0,2.94,0,0,0,0,0,0,0,0,0,0,0,0,0,0,0,0,0,0,0,0,0,0,0,0,0,0,0,0,0,0,0,0,0,1,1,6
0,0,0,0,0,0,0,0,0,0,0,0,0,0,0,0,0,0,0,0,0,0,0,0,0,0,0,0,0,0,0,0,0,0,0,0,0,0,0,0,0,0,0,0,0,0,0,0,0,0,0,0,0,0,2.666,6,8
0,0,0,0,0.33,0,0,0,0,0,0,0.33,0,0,0,0.33,0,0.33,0.33,0,0.33,0,0,0,0.99,0.33,0,0.66,0,0.33,0,0,0,0,0.33,0,0,0,0,0,0,0,0,0.33,0,0,0,0,0,0.13,0.043,0,0,0,2.016,19,125
0,0.35,0.35,0,0,0.35,0,0,0,0.35,0,0.71,0,0,0,0,0,0,3.58,0,1.07,0,0,0,0,0,0,0,0.35,0,0,0,0,0,0,0,0,0,0.35,0,0,0,0,0,0,0,0,0,0,0.12,0.06,0,0,0,1.787,11,118
0,0.08,0.08,0,0,0.08,0,0.16,0,0,0,0.81,0.16,0,0,0,0.08,0,0,0,0,0,0.08,0,3.49,0.48,0,0,0.32,0.24,0,0,0,0,0,0.32,0.08,0,0,0,0,0.08,0,0,0,0,0,0.08,0.022,0.111,0,0,0.055,0,2.145,21,693
0,0,0,0,0,0,0,0,0,0,0,1.28,0,0,0,0,0,0,3.84,0,0,0,0,0,1.28,0,0,0,0,0,0,0,0,0,0,0,0,0,0,0,0,0,0,1.28,1.28,0,0,0,0,0,0,0,0,0,1.428,2,10
0,0,0,0,0,0,0,0,0,0,0,0,0,0,0,0,0,0,1.14,0,0,0,0,0,2.29,1.14,0,3.44,0,0,0,0,0,0,2.29,0,0,0,0,0,0,0,0,0,0,0,0,0,0,0.163,0,0,0,0,3.28,15,82
0,0,0.74,0,0,0,0,0,0,0,0,2.22,0,0,0,0,0,0,1.48,0,0,0,0,0,0,0.74,0,0,0,0,0,0,0,0,0,0,0.74,0,0,0,0,0,0,0,0,0,0,2.22,0,0,0,0,0,0,2.425,23,114
0.36,0,1.09,0,0,0,0,0,0,0,0,0.72,1.81,0,0,0,0,0,0.72,0,1.09,0,0,0.72,0,0,0,0,0,0,0,0,0,0,0,0,0,0,0,0,0,0,0,0,0,0,0,0,0.063,0.126,0,0.063,0.126,0,2.562,35,123
0,0,0,0,0,0,0,0,0,0,0,0,0,2.06,0,0,0,0,0,0,0,0,0,0,0,0,0,0,0,0,0,0,0,0,0,1.03,0,0,0,0,0,0,0,0,1.03,0,0,0,0,0.17,0,0.17,0.341,0,3.809,24,80
0,0,0,0,0,0,0,0,0,0,0,1.81,0,0,0,0,0,0,1.81,0,0,0,0,0,0,0,0,0,0,0,0,0,0,0,0,0,0,0,0,0,0,0.9,0,0,0,0,0,0,0,0.159,0,0,0.159,0,1.515,5,50
0,0,0,0,0,0,0,0,0,0,0,1.41,0,0,0,0,0,0,0.47,0,0.94,0,0,0,0.47,0,0,0,0,0,0,0,0,0,0,0,0.47,0,0,0,0,0,0,0,0,0,0,0,0,0.137,0,0.068,0,0,3.195,21,147
0,0,0,0,0,0,0,0,0,0,0,0,0,0,0,0,0,0,0.66,0,0.33,0,0,0,5.66,2.66,2,0.66,0.66,0.66,0.66,0.66,0,0.66,0.66,0.66,0.66,0,0.33,0.66,0,0,0.66,0,0.66,0,0,0,0.101,0.254,0.101,0.05,0.05,0,2.725,15,248
0,0,0,0,0,0,0,0,0.3,0,0,0.3,0,1.82,0,0,0.3,0,0.6,0,0.91,0,0,0,0,0,1.51,0,0,0,0,0,0,0,0,0,0,0,0,0,0,1.21,0,0,0,0,1.51,0,0,0.057,0,0,0,0.231,2.011,28,358
0,0,0.3,0,0.3,0.9,0,0.3,0,0,0,0.3,0.3,0,0,0.3,0.3,0.3,2.11,0,3.02,0,0,0.3,0,0,0,0,0,0,0,0,0,0,0,0,0,0,0,0,0,0,0,0,0.3,0,0,0,0,0.21,0,0,0.21,0.052,1.738,11,186
0,2.01,0,0,0,0,0,0,0,2.68,0,0.67,0,0,0,0,0,0,4.02,0,3.35,0,0,0,0,0,0,0,0,0,0,0,0,0,0,0,0.67,0,0,0,0,0,0,0,0,2.01,0,0,0.112,0.112,0,0.112,0,0,2.484,15,82
0.41,0,0.41,0,1.25,0,0.41,0,0,0.2,0,1.04,0.2,0,0,0.41,0.41,0,3.96,0,2.29,0,0.2,1.04,0,0,0,0,0,0,0,0,0,0,0,0,0,0,0,0,0,0.2,0,0,0.83,0,0,0,0,0.069,0,0.866,0.103,0,5.052,214,485
0,0,0,0,0,0,0,0,0,0,0,0,0,0,0,0,0,0,0,0,0,0,0,0,0,0,2.7,0,0,0,0,0,0,0,0,0,0,0,0,0,0,0,0,0,0,0,0,0,0,0.431,0,0,0,0,2.733,7,41
0,0,0.17,0,0,0.08,0,0,0,0,0.08,0.87,0.08,0.08,0,0,0.78,0,0,0,0,0,0,0,3.05,0,0.08,0,0,0,0,0,0.61,0,0,0.08,0.08,0,0,0,0,0,0,0,0,0,0,0,0.079,0.068,0,0,0.022,0,2.432,24,540
0,0.11,0.23,0,0.58,0.34,0.11,0,0.34,0,0.23,0.92,0.46,0,0,0.46,0.23,0.34,0.58,0,0.58,0,0.11,0,0,0,0,0,0,0,0,0,0,0,0,0,0,0,0,0,0,0,0.11,0,0,0,0,0,0.075,0.037,0,0.322,0.094,0.018,2.576,48,389
0,0,0,0,0.38,0.38,0.38,0.38,0,0,0.38,0,0,0,0,0.38,0,0,3.43,0,2.29,0,0,0.38,0,0,0,0,0,0,0,0,0,0,0,0,0,0,0,0,0,0,0,0,0.38,0,0,0,0,0,0,0.121,0,0,2.08,12,104
0,0,0,0,0,0,0,0,0,0,0,0,0,0,0,0,0,0,0.97,0,0.97,0,0,0,1.94,0.97,0,2.91,0,0,0,0,0,0,1.94,0,0,0,0,0,0,0,0,0,0,0,0,0,0,0.141,0,0,0,0,3.178,15,89
0,0,0.73,0,0.36,0.36,0,0,0,0,0,0,0,0,0,0,0,0,2.19,0,0,0,0,0,0,0,0,0,0,0,0,0,0,0,0,0,0,0,0,0,0,0,0,0,0,0,0,0,0,0,0,6.387,0,0,1.131,4,69
0,0,0,0,0,0,0,0,0,0,0,0,0,0,0,0,0,0,0,0,0,0,0,0,4.34,10.86,0,0,0,2.17,0,0,0,0,0,0,0,0,0,0,0,0,0,0,0,0,0,0,0,0,0,1.798,0,0,2.615,13,34
0,0,0,0,0,0,0,0,0,0,0,0,0,0,0,0,0,0,1.23,0,1.23,0,0,0,0,0,0,0,0,0,0,0,0,0,0,0,0,0,0,0,0,0,0,0,0,1.23,0,0,0,0.202,0,0,0,0,1,1,14
0.34,0.25,0.25,0,0.08,0.43,0.08,0.25,0.08,1.47,0.34,0.51,0.95,0,0.17,0.08,0,0,3.03,0,0.77,0,0.34,0.34,0,0,0,0,0,0,0,0,0,0,0,0,0,0,0,0,0,0,0,0,0.17,0,0,0,0,0.049,0,0.263,0.263,0.065,3.076,62,526
0,14.28,0,0,0,0,0,0,0,0,0,0,0,0,0,0,0,0,0,0,0,0,0,0,0,0,0,0,0,0,0,0,0,0,0,0,0,0,0,0,0,0,0,0,0,0,0,0,0,0,0,0,0,0,1.8,5,9
0.64,0,0.64,0,1.29,0,0.64,0,0,0,0,0.64,0,0,0,0.64,0.64,0,1.29,0,3.22,0,0.64,0,0,0,0,0,0,0,0,0,0,0,0,0,0,0,0,0,0,0,0,0,0,0,0,0,0,0.104,0,0.522,0.313,0,2.511,22,113
0.41,0,0.83,0,0,0.41,0,0,0,0,0,0.83,0,0,0,0,0,0,1.67,0,0.41,0,0,0,0,0,0.83,0,0,0.41,0,0,0,0,0,0,0,0,0,0,0,0,0.41,0,0,0,0,0,0,0,0,0,0,0,1.12,3,56
0,0,0,0,0,0,0,0,0,0,0,0,0,0,0,0,0,0,4.76,0,0,0,0,0,0,0,0,0,0,0,0,0,0,0,0,0,0,0,0,0,0,0,0,0,4.76,0,0,0,0,0,0,0,0,0,1.571,3,11
0,0,0.59,0,0.59,0,0,0,0,0,0,2.38,0,0,0,0,0,1.19,0.59,0,0,0,0,0,1.78,1.19,0,0.59,0,0.59,0.59,0,0,0,0.59,0.59,0,0,1.19,0,0,0,0,0,0,0,0,0,0,0.177,0,0.088,0,0,1.8,10,81
0,0,0,0,0,1.63,0,0,0,0,0,0,0,0,0,0,0,0,0,0,0,0,0,0,0,0,1.63,0,0,0,0,0,0,0,0,0,0,0,0,0,0,0,0,0,1.63,0,0,0,0,0,0,0,0,0,1.25,4,15
0,0,0.3,0,0.3,0.91,0,0.3,0,0,0,0.3,0.3,0,0,0.3,0.3,0.3,2.12,0,3.03,0,0,0.3,0,0,0,0,0,0,0,0,0,0,0,0,0,0,0,0,0,0,0,0,0.3,0,0,0,0,0.211,0,0,0.211,0.052,1.752,11,184
0,0,0,0,1.31,0,1.31,1.31,1.31,1.31,0,0,0,0,0,0,1.31,0,1.31,1.31,3.94,0,0,0,0,0,0,0,0,0,0,0,0,0,0,0,0,0,0,0,0,0,0,0,0,0,0,0,0,0,0,0.117,0.117,0,48.5,186,291
0,0,0,0,0,0,0,0,0,0,0,0,1.33,0,0,0,2.66,5.33,2.66,0,2.66,0,0,0,0,0,0,0,0,0,0,0,0,0,0,0,0,0,0,0,0,0,0,0,0,0,0,0,0,0,0,1.799,0.514,0,1.823,11,62
0,0,0,0,0,2.3,0,0,0,0,0,0.76,0.76,0,0,0,0,0,2.3,0,1.53,0,0,0,0,0,0,0,0,0,0,0,0,0,0,0,0,0,0,0,0,0,0,0,0,0,0,0,0,0.868,0,2.894,0.868,0,5.607,25,157
0,0.9,0,0,0,0,0,0,0,0,0,0,0,0,0,0.9,0,1.81,3.63,0,2.72,0,0,0,0,0,0,0,0,0,0,0,0,0,0,0,0,0,0,0,0,0,0,0,0.9,0,0,0,0,0,0,0.165,0.165,0,6.266,41,94
0.4,0,0.81,0,0,0.4,0,0,0,0,0,0.81,0,0,0,0,0,0,1.63,0,0.4,0,0,0,0,0,0.81,0,0,0.4,0,0,0,0,0,0,0,0,0,0,0,0,0.4,0,0.4,0,0,0,0,0.071,0,0,0,0,1.156,3,59
0.05,0,0.45,0,0.15,0.1,0,0,0.55,0,0,0.15,0,0,0,0,0,0.05,0.2,0,0.15,0,0,0,0.65,0.7,0.05,0,0,0,0,0,1.16,0,0,0,0.81,0.05,0,0,0,0,0,0,0,0,0,0,0.203,0.195,0.05,0,0.014,0,2.88,45,1080
0,0.64,1.29,0,0.32,0,0,0,0,0,0,0.64,0,0,0,0.32,0,1.29,2.59,0,1.29,0,0,0,0,0,0,0,0,0,0,0,0,0,0,0,0,0,0,0,0,0,0,0,0.32,0,0,0,0,0.053,0,0.531,0,0,4.337,121,334
0,0,1.09,0,0,0,0,0,0,0,0,0,0,0,0,0,0,0,4.94,0,1.09,0,0,0,0,0,0,0,0,0,0,0,0,0,0,0,0,0,0,0,0,0,0,0,0,0,0,0,0,0.656,0,0.656,0,0,1.488,5,67
0,0,0,0,0,0,0,0,0,0,0,0,0,0,0,0,0,0,0,0,0,0,0,0,0,0,0,0,0,0,0,0,5.33,0,0,0.21,0,0,0,0,0,0,0,0,0,0,0,0,0.03,0.06,0,0,0,0,2.481,76,201
0,0,0,0,0,0,0,0,0,0,0,2,0,0,0,0,0,0,1,0,1,0,0,0,0,0,0,0,0,0,0,0,0,0,0,0,0,0,0,0,0,0,0,0,0,0,0,0,0,0.345,0,0,0,0,1.666,6,55
0.67,0,0.22,0,0.45,0,0,0,0,0.22,0.45,1.12,0.22,0.22,0,0,0,0,1.12,0,1.35,0,0,0,2.03,0,0,0.45,0,0,0.22,0,0,0,0.45,0,0.22,0,0,0,0,0,0,0,0,0,0,0,0,0.072,0,0.072,0.072,0.036,3.242,38,347
0,0,1.61,0,0,0,1.61,0,0,0,0,0,0,0,0,1.61,0,0,0,0,0,0,0,0,0,0,0,0,0,0,0,0,0,0,0,0,0,0,0,0,0,0,0,0,1.61,0,0,0,0,0.268,0,0.804,0,0,2.466,17,37
0.05,0.05,0.4,0,0.34,0,0,0,0.57,0.05,0,0.28,0.11,0,0,0.17,0,0,1.04,0.05,0.92,0,0,0.05,0,0,0,0,0.05,0,0,0,0,0,0,0,0,0,0,0,0,0.11,0,0,0.05,0,0,0,0.019,0.099,0,0.099,0.079,0.009,4.881,95,1313
0,0,0,0,0,0,0,0,0,0,0,0,0,0,0,0,0,0,8.1,0,0,0,0,0,0,0,0,0,0,0,0,0,0,0,0,0,0,0,0,0,0,0,0,0,2.7,0,0,0,0,0,0,0,0,0,1,1,5
0,0,0.53,0,0,0.53,0,0,0,0.53,0,0,0.53,0,0,0,0,0,2.15,0,0.53,0,0,0,0,0,0,0,0,0,0,0,0,0,0,0,0,0,0,0,0,0,0,0,1.07,0,0,0,0,0.101,0,0,0,0,1.857,16,52
0.28,0,0.28,0,0.57,0,0,0,0,0,0,0.28,0,0,0,0,0,0,2.87,0,0.86,0,0,0,0,0,0,0,0,0,0,0,0,0,0,0,0,0,0,0,0,0,0,0,0,0,0,0,0,0.154,0,0.308,0,0,1.148,4,54
0,0,0,0,0,0,0,0,0,0,0,0,0,0,0,0,0,0,0,0,0,0,0,0,0,0,20,0,0,0,0,0,0,0,0,0,0,0,0,0,0,0,0,0,0,0,0,0,0,0,0,0,0,0,1,1,5
0,0,0,0,0,0,0,0,0,0,0,0,0,0,0,0,0,0,3.92,0,0,0,0,0,0,0,5.88,0,0,0,0,0,0,0,0,0,1.96,0,1.96,0,0,0,0,0,1.96,0,0,0,0,0,0,0,0,0,1.785,6,25
0.26,0.46,0.99,0,0.53,0,0,0.53,0.19,1.12,0.26,0.73,0.66,0,0.06,0.26,0.13,0.26,3.78,0,3.32,0,0.39,0.26,0,0,0,0,0,0,0,0,0,0,0,0,0,0,0,0,0,0,0,0,0,0,0,0,0.011,0.023,0,0.449,0.265,0.034,13.235,272,1575
0,0,0,0,7.14,0,0,0,0,0,0,0,0,0,0,0,0,0,0,0,0,0,0,0,0,0,0,0,0,0,0,0,0,0,0,0,0,0,0,0,0,0,0,0,7.14,0,0,0,0,0,0,0,0,0,1.6,4,8
0,0,0,0,0,0,2.1,0,0,0,0,1.05,0,0,0,0,0,0,4.21,0,0,0,0,0,0,0,0,0,0,0,0,0,0,0,0,0,0,0,0,0,0,0,0,0,0,0,0,0,0,0,0,0,0,0,2.695,15,62
0,0,0.71,0,0.23,0,0,0,0.23,0.23,0.23,1.9,0,0,0,0.23,0,0,3.81,0.23,1.19,0,0,0,0,0,0,0,0,0,0,0,0,0,0,0,0,0,0,0,0,0,0,0,0,0,0,0,0,0.112,0,1.046,0.037,0,4.022,97,543
0,0,0,0,0.54,0.54,0,0,0,0,0,1.09,0,0,0,0,0,0,1.63,0,0.54,0,0,0,0,0,0,0,0,0,0,0,0,0,0,0,0,0,0,0,0,0.54,0,0,0,0,0,0,0.299,0.199,0,0,0,0,1,1,14
0,0,0.98,0.49,0,0,0.49,0,0,0.98,0,0.98,0,0,0,2.94,0,0,1.47,0,0,0,0,0,0,0,0,0,0,0,0,0,0,0,0,0,0,0,0,0,0,0,0,0,0.49,0,0,0,0.156,0,0,0.862,0,0,12.148,272,571
0,0,0.53,0,0.53,0,0.53,0,0,0.53,0,0,0,0,0,0,0.53,0,5.85,0,3.19,0,0,0,0,0,0,0,0,0,0,0,0,0,0,0,0,0,0,0,0,0,0,0,0,0,0,0,0,0.09,0,0.361,0,0,2.437,19,78
0,0,0,0,0,0,0,0,0,1.08,0,0,0,0,0,3.26,0,0,5.43,0,0,0,0,0,0,0,0,0,0,0,0,0,0,0,0,0,0,0,0,0,0,0,0,0,0,0,0,0,0,0,0,2.152,0,0,5.21,36,99
0,0,0,0,0,0,0,0,0,0,0,0.64,0,0,0,0,0,1.29,0,0,0,0,0,0,4.51,3.22,3.22,1.29,0,1.29,1.29,0,0,0,1.29,1.29,0,0,0,0,0,0,0,0,0.64,0,0,0,0,0.324,0.194,0.129,0,0.194,2.142,10,150
0,9.52,0,0,0,0,0,0,0,4.76,0,0,0,0,0,0,0,0,0,0,0,0,0,0,0,0,0,0,0,0,0,0,0,0,0,0,0,0,0,0,0,0,0,0,4.76,0,0,0,0,0,0,0,0,0,1,1,10
0,0,0,0,0,0,0,0,0,0,0,0,0,0,0,0,0,0,0,0,0,0,0,0,0,0,0,0,14.28,0,0,0,0,0,0,0,0,0,0,0,0,14.28,0,0,0,0,0,0,0,0,0,1.123,0,0,1.3,4,13
0.28,0,0,0,0,0,0,0.28,0,0,0,0.84,0.56,0,0.84,0.84,0.28,4.51,2.54,0,2.54,0,0.28,0,0,0,0,0,0,0,0,0,0,0,0,0,0,0,0,0,0,0,0,0,0,0,0,0,0,0.091,0,1.147,0.045,0,7.178,104,524
0,0,0,0,2.43,0,0,0,0,0,0,0,0,0,0,0,0,0,2.43,0,0,0,0,0,0,0,2.43,0,0,0,0,0,0,0,0,0,0,0,0,0,0,0,0,0,0,0,0,0,0,0.442,0,0,0,0,1.2,3,12
0,0,0.21,0,0.42,0,0,0,0.21,0,0,0,0,1.27,0,0,0.21,0,0.21,0,1.06,0,0,0,0.21,0,0,0.21,0,0,0,0,0,0,0.21,0,0,0,0,0,0,2.12,0,0,0,0,0,0,0,0.161,0,0.161,0,0.182,2.813,121,723
0.7,0,0.7,0,2.83,0,0,0,0,0,0,0,0,0,0,0,0,0.7,3.54,0,2.12,0,0,0,0,0,0,0,0,0,0,0,0,0,0,0,0,0,0,0,0,0,0,0,0,0,0,0,0,0,0,0.11,0,0,1.083,3,26
0,0.1,0.3,0,1.02,0.3,0.1,0.4,0,0.2,0.1,0.92,0,0.1,0,1.94,0.92,0.4,1.94,0.4,0.61,0.92,0.51,0.1,0,0,0,0,0,0,0,0,0,0,0,0.3,0.1,0,0,0.1,0,0,0,0,0,0,0,0,0,0.048,0.016,0.518,0.162,0.34,8.181,283,1890
0,0,0.31,0,0.31,0.31,0.31,0.31,0,0,0.63,0.95,0,0,0,0.95,0.63,0.31,2.54,2.54,3.5,0,0,0.63,0,0,0,0,0,0,0,0,0,0,0,0,0,0,0,0,0,0,0,0,0,0,0,0,0,0.051,0,0.102,0,0.102,5.708,138,274
0,0,0,0,0,0.67,0,0.67,0,0,0,2.02,0,0,0,0,0,0,0,0,0,0,0,0,2.02,1.35,0,1.35,0,0,0,0,0,0,0.67,0,0,0,0,0,0,0,0,0,0,0,0,0,0,0.205,0,0,0,0,2.84,24,142
0,0.9,0,0,0,0,0,0,0,0,0,0.9,0,0,0,0,0,1.81,6.36,0,0.9,0,0,0,0,0,0,0,0,0,0,0,0,0,0,0,0,0,0,0,0,0,0,0,0,0,0,0,0,0.146,0,0.292,0,0,3,38,75
0,0,0.55,0,0.22,0.22,0.11,0,0.11,0.22,0,0.33,0.33,0,0,0,0.22,0,0,0,0,0,0.55,0,0,0,0,0,0,0,0,0,0,0,0,0,0,0,0,0,0,0,0,0,0,0,0,0,0,0.16,0,0.035,0.124,0,1.98,14,305
0,0,0,0,0,0,0,0,0,0,0,0,0,0,0,0,0,0,0,0,0,0,0,0,0,0,5.88,5.88,0,5.88,0,0,0,0,5.88,0,0,0,0,0,5.88,0,0,0,0,5.88,0,0,0,0.763,0,0,0,0,2.285,10,16
0,0,0.8,0,2.42,0,0,0,0,0,0,0.4,0,0,0,0,0,0.4,5.26,0,1.61,0,0,0,0.4,0.4,0,0,0,0,0,0,0,0,0,0,0,0,0,0,0,0,0,0,1.61,0,0,0,0,0,0,0.27,0,0,2.36,35,59
0,1.09,0,0,0,0,0,1.09,0,0,0,0,0,0,0,0,0,0,0,0,1.09,0,0,0,0,0,0,0,0,0,0,0,0,0,0,0,1.09,0,0,0,0,0,0,0,1.09,0,0,0,0.173,0.519,0,0,0.692,0,4.941,25,84
0,0,0,0,0.86,0,0.86,0,0,0,0,0,0,0,0.86,0,0,1.72,0.86,0,0,0,0,0,0,0,0,0,0,0,0,0,0,0,0,0.86,0,0,0,0,0,0,0,0,0.86,0,0,0,0,0.272,0,0,0.136,0,4.541,31,109
0,0,0.32,0,0.64,0.64,0.32,0.32,0,0,0,0.32,0.32,0,0,0.32,0.32,0,2.27,0,3.24,0,0,0.32,0,0,0,0,0,0,0,0,0,0,0,0,0,0,0,0,0,0,0,0,0.64,0,0,0,0,0.111,0,0,0.166,0,1.494,10,139
0,0.13,0.52,0,0,0.13,0,0.79,0,0,0,0.13,0,0,0,0.13,0,0,0.26,0,0.39,0,0,0,0,0,0,0,0,0,0,0,0,0,0,0,0,0,0,0,0,0.13,0,0,0,0,0,0,0.02,0.061,0,0.04,0.04,0,1.823,26,372
0,0,0,0,0,0,0,0,0,0,0,0,0,0,0,0,0,0,0,0,0,0,0,0,0,0,0,0,0,0,0,0,0,0,0,0,0,0,0,0,0,0,0,0,0,0,0,0,0,0.689,0,0,0,0,1.666,3,10
0,0,0,0,0,0,0,0,0,0,0,0,0,0,0,1.29,0,0,3.89,0,3.89,0,0,0,0,0,0,0,0,0,0,0,0,0,0,0,0,0,0,0,0,0,0,0,1.29,0,0,0,0,0,0,0.236,0,0,7.181,41,79
0,0,0,0,0,0,0,0,0,0,0,0,0,0,0,3.33,0,0,0,0,0,0,0,0,0,0,0,0,0,0,0,0,0,0,0,0,0,0,0,0,0,0,0,0,0,0,0,0,0,0.352,0,0.352,0,0,4,11,36
0,0,0.58,0,1.17,0,0.58,0,0,0,0,0.58,0,0,0,0.58,0,0,1.76,0,0,0,0,0,0,0,0,0,0,0,0,0,0,0,0,0,0,0,0,0,0,0,0,0,0,0,0,0,0,0,0,0.829,0,0,2.529,8,86
0,0,0,0,0,0,0,0,0,0,0,1.3,0,0,0,0,0,0,0,0,0,0,0,0,0,0,0,0,0,0,0,0,0,0,0,0,0.65,0,0,0,0,0,0,0,0,0,0,0,0,0,0,0,0,0,2.342,8,89
0,0,0,0,0,0.47,0,0,0,0.23,0,0,0,0,0,0,0,0,2.6,0,0,0,0,0,5.45,0,0.23,0,0,0,0,0,0,0,0,0,0.71,0,0,0,0,0,0.94,0,1.18,0,0,0,0.119,0.158,0.119,0,0,0,2.565,19,295
0,0,0,0,0,0,0,0,0,0,0,0,0,0,0,0,0,0,0,0,0,0,0,0,1.96,0,0,0,0,1.96,0,0,0,0,0,0,0,0,0,0,0,0,0,0,0,0,0,0,0,0.613,0.306,0,0,0,1.611,7,29
0.06,0.12,0.77,0,0.19,0.32,0.38,0,0.06,0,0,0.64,0.25,0,0.12,0,0,0.12,1.67,0.06,0.71,0,0.19,0,0,0,0,0,0,0,0,0,0,0,0,0,0,0,0,0,0,0,0,0.06,0,0,0,0,0.04,0.03,0,0.244,0.081,0,1.729,43,749
0,0,0,0,0,0,0,0,0,0,0,0,0,0,0,0,0,0,0,0,0,0,0,0,0,0,0,0,0,0,0,0,0,0,0,0,2.08,0,0,0,0,0,0,0,0,6.25,0,0,0,0,0,0,0,0,3.125,15,50
0,0,0,0,1.81,0,0,0,0,1.81,0,0,1.81,0,0,0,0,0,0,0,0,0,0,0,1.81,1.81,0,0,0,0,0,0,0,0,0,0,0,0,0,0,0,0,0,0,0,0,0,0,0,0,0,0,0,0,1.3,3,13
0.07,0,0.22,0,0.03,0.07,0,0,0.03,0.22,0,0.71,0.03,0,0,0.03,0,0,0.9,0,0.56,0,0,0,1.58,0.26,0,0.11,0.11,0.11,0.18,0,0.03,0,0.22,0.07,0.18,0,0,0.03,0,0,0,0,0,0,0,0.03,0.028,0.078,0,0.028,0.016,0,1.765,20,1356
0,0,0.33,0,0.08,0,0,0.16,0,0,0,1,0.08,0,0,0,0.25,0,0.16,0,0,0,0,0,2.68,0,0,0,0,0,0,0,0.08,0,0,0.08,0.08,0,0,0,0,0.25,0,0,0.16,0,0,0,0.134,0.089,0,0,0,0,2.432,24,557
0,0,0,0,0,0,0,0,0,0,0,1.86,0,0,0,0,0,0,1.86,0,0.93,0,0,0,0,0,0,0,0,0,0,0,0,0,0,0,0,0,0,0,0,0,0,0,0.93,0,0,0,0,0,0,0.165,0,0,1.238,4,26
0,0,0,0,0,0,0,0,0,0,0,2.85,0,0,0,0,0,0,0,0,0,0,0,0,0,0,0,0,0,0,0,0,0,0,0,0,0,0,0,0,0,0,0,0,0,0,0,0,0,0,0,0.48,0,0,2,7,26
0.43,0,0.43,0,0.43,0,0.86,0,0,0,0,0.43,0,0,0,0,0.86,0.43,1.29,0,4.76,0,0,1.29,0,0,0,0,0,0,0,0,0,0,0,0,0,0,0,0,0,0,0,0,0,0,0,0,0.14,0,0,0.915,0,0,3.891,47,144
0.51,0,0.51,0,1.53,0.51,0,0,0,0,0,0.51,0,0,0,0,0,0,3.58,0,0,0,0,0,2.56,0,2.05,0.51,0.51,2.05,0.51,0.51,0,0.51,0.51,1.02,0,0,0,0.51,0,0,0,0,1.02,0.51,0,0,0,0.27,0,0,0,0,1.983,24,121
0,0,0,0,0.37,0,0,0,0,0,0,0.37,0.37,0,0,0,0.75,0,1.12,0,0.37,0,0,0,0,0,0.75,0,0,0,0,0,0,0,0,0,0,0,0,0,0,0.75,0,0,0.37,0,0,0,0,0.054,0,0,0.054,0,1.066,4,128
0,0,0,0,0,0,0,0,0,0.82,0,0.82,0,0,0,0,0,0,1.65,0,0.82,0,0,0,0,1.65,0,0,0,0,0,0,0,0,0,0,0,0,0,0,0,0,0,0,0.82,0,0,0,0,0.122,0,0,0,0,2.111,19,76
0.09,0,0.36,0,0,0,0,0.09,0,0,0.18,1.01,0.18,0,0,0,0.64,0,0,0,0,0,0,0,2.49,0,0,0,0,0,0,0,0,0,0,0.09,0.18,0,0,0,0,0,0,0,0,0,0,0,0.131,0.209,0,0,0.039,0,2.278,24,629
0,0.62,1.24,0,0.31,0,0,0,0,0,0,0.62,0,0,0,0.31,0,1.24,2.49,0,1.24,0,0,0,0,0,0,0,0,0,0,0,0,0,0,0,0,0,0,0,0,0,0,0,0.31,0,0,0,0,0.05,0,1.152,0,0,4.592,121,349
0,0.6,0,0,0,0.6,0,0,0,0.3,0,1.21,0,0,0,0,0.3,0,0.3,0,0.3,0,0.6,0,0,0,0,0,0,0,0,0,0,0,0,0,0,0,0,0,0,0,0,0,0,0,0,0,0,0.146,0,0,0.097,0,3.23,77,210
0,0,0,0,0,0,0,0,0,0,0,0,0,0,0,0,0,0,0,0,0,0,0,0,0,0,25,0,0,0,0,0,0,0,0,0,0,0,0,0,0,0,0,0,0,0,0,0,0,0,0,0,0,0,2.333,5,7
0,0,0,0,0,0,0,0,0,0,0,0.63,0,0,0,0,0,0,0,0,0,0,0,0,0,0,0,0,0,0,0,0,0,0,0,0,0.63,0,0,0,0,0,0,0,0.63,13.37,0,0,0,0.158,0,0,0.079,0.079,1.719,15,98
0,0,0,0,0,0,0,0,0,3.77,0,0,0,0,0,0,0,0,1.88,0,0,0,0,1.88,0,0,0,0,0,0,0,0,0,0,0,0,0,0,0,0,0,0,0,0,0,0,0,0,0.264,0,0,0,0,0,4.333,13,78
0,0,0,0,0,0,0,0,0,0,0,0,0,0,0,0,0,0,0,0,0,0,0,0,0,0,0,0,0,0,0,0,0,0,0,0,0,0,0,0,0,0,0,0,0,0,0,0,0,0,0,0,0,0,1.666,3,10
0,0.66,0.66,0,0.33,0,0,0,0,0,0,0.66,0,0,0,0.33,0,1.32,2.64,0,1.32,0,0,0,0,0,0,0,0,0,0,0,0,0,0,0,0,0,0,0,0,0,0,0,0.33,0,0,0,0,0.053,0,0.583,0,0,4.024,121,326
0,0,0,0,0,0,0,0,0,0,0,0,0,0,0,0,1.48,0,1.48,0,0.74,0,0,0,2.96,0,0,0.74,0,0,0,0,0,0,0,0,0,0,0,0,0,0,0,0,0,0,0,0,0,0.105,0,0,0.105,0.105,2.555,12,69
0,0,0,0,0,0,0,0,0,0,0,0,0,0,0,0,0,0,0,0,0,0,0,0,0,0,0,0,0,0,0,0,0,0,0,0,0,0,0,0,0,0,0,0,5.55,0,0,0,0,0,0,0,0,0,1.714,6,12
0,0,0,0,0,0,0,0,0,0,0,0.76,0,0,0,0,0,0.76,1.52,0,0,0,0,0,0,0,0,0,0,0,0,0,0,0,0,0,0,0,0,0,0,0,0,0,0,0,0,0,0,0.133,0,0.266,0,0,1,1,23
0,0,0,0,0,0,0,3.97,0,0.66,0,0,0,0,0,0,0,0,0,0,0,0,0,0,0,0,0,0,0,0,0,0,0,0,0,0,1.32,0,0,0,1.98,0,0,0,0.66,1.98,0,0,0.11,0.11,0,0,0,0,2.857,19,120
0,0,0,0,0,0,0,0,0,0.46,0,1.84,0,0,0,0,0,0.46,1.38,0,0.46,0,0,0,1.84,1.38,0.92,0.92,0.46,0.46,0.92,1.38,0,1.38,0.92,0.46,0,0,0,0.92,0,1.38,0,0,0.46,0,0,0.92,0,0.362,0,0,0,0,4.153,34,162
0,0,1.31,0,0,0,0,0,0,0,0,1.31,0,0,0,0,0,0,1.31,0,5.26,0,0,1.31,0,0,0,0,0,0,0,0,0,0,0,0,0,0,0,0,0,0,0,0,0,0,0,0,0,0,0,0,0.212,0,4.818,25,53
0.17,0,0.17,0,1.45,0.34,0.05,0.05,0.05,0.05,0.05,0.52,0.29,0.05,0,0,0.69,0.05,4.24,0.23,1.04,0,0.75,0.05,0,0,0,0,0,0,0,0,0,0,0,0,0,0,0,0,0,0,0,0,0,0,0,0,0.01,0.051,0,0.02,0.163,0,1.796,12,460
0,0,0,0,0,0,0,0,0,0,0,1.88,0,0,0,0,0,0,1.88,0,0,0,0,0,0,0,0,0,0,0,0,0,0,0,0,0,0,0,0,0,0,0,0,0,0,0,0,0,0,0.33,0,0.33,0,0,1.769,4,23
0,0,0.59,0,0.29,0.59,0.59,0.29,0,0.29,0.29,0,0,0,0,0,0,0.89,3.58,0,1.49,0,0,0,0.29,0.29,0,0,0,0,0,0,0,0,0,0,0,0,0,0,0,0,0,0,0.29,0,0,0,0.089,0,0,0.044,0.134,0,1.6,15,120
0,0,0,0,0,0,0,0,0,0,0,0,0,0.83,0,0,0,0,0,0,0,0,0,0,0,0,0,1.66,0,0,0,0,0,0,0,0,0,0,0,0,0,0,0,0,0,2.5,0,0,0.121,0.605,0,0,0,0,2.222,22,100
0,0,0,0,0,0,0,0,0,0,0,0,0,0,0,0,0,0,3.7,0,0,0,0,0,0,0,1.85,0,0,0,0,0,0,0,0,0,0,0,0,0,0,0,0,0,0,0,0,0,0,0,0,0,0,0,1.5,5,18
0,0,0,0,4.54,0,0,0,0,0,0,0,0,0,0,0,0,0,0,0,0,0,0,0,0,0,0,0,0,0,0,0,0,0,0,0,0,0,0,0,0,4.54,0,4.54,0,0,0,0,0,0,0,0,0,0,2,5,16
0.32,0.28,0.57,0,0.12,0.2,0.16,0.2,0,0.32,0.08,0.98,0.41,0.04,0.04,0,0,0.41,3.74,0,1.64,0,0.45,0.53,0.04,0.04,0,0,0,0,0,0,0,0,0,0,0,0,0,0,0,0,0.08,0,0,0,0,0,0,0.171,0,0.507,0.493,0.028,5.608,133,1991
0.05,0,0.05,0,0.3,0,0,0,0.51,0,0,0.15,0,0,0,0,0,0.05,0.2,0,0.15,0,0,0,0.67,0.72,0.05,0,0,0,0,0,0.2,0,0,0,0.46,0,0,0,0,0,0,0.1,0,0,0,0,0.209,0.158,0.05,0,0.014,0,3.764,85,1423
0.42,0,0.42,0,1.71,0,0.42,0,0,0.21,0.21,0.85,0.21,0,0,0,1.92,0.42,3.21,0,1.49,5.78,0.21,0.21,0,0,0,0,0,0,0,0,0.21,0,0,0,0,0,0,0,0,0,0,0,0,0,0,0,0,0,0.075,0.263,0.075,0.639,53.433,494,1603
0.15,0,0.15,0,0,0,0,0,0.07,0,0,0.07,0.15,0,0,0.07,0,0.07,3.6,0,1.3,0,0,0,0,0,0,0,0,0,0,0,0,0,0,0,0,0,0,0,0,0,0,0,0.15,0,0,0,0.013,0.123,0,0.082,0,0,1.111,9,328
0,0,0,0,0,0,0,0,0,0,0,1.4,0,0,0,0,0.7,0,1.4,0,1.4,0,0,0,0,0,0.7,0,0,0,0.7,0,0,0,0,0,0,0,0,2.11,0,0,0,0,0,0,0,0,0,0.266,0.066,0,0,0,18,200,378
0,0.26,0.78,0,0.26,0.26,0.08,1.04,0.52,1.56,0.26,0.69,0.17,0.08,0.69,0.86,0.34,0,1.82,0.17,1.3,0,0.08,0.34,0,0,0,0,0,0,0,0,0.08,0,0,0.08,0,0,0,0,0,0,0,0,0.08,0.08,0,0,0.096,0.234,0,0.358,0.261,0.11,3.554,54,981
0,0,0,0,0,0,0,0,0,0,0,0,0,0,0,0,0,0,1.92,0,0,0,0,0,0,0,0,0,0,0,0,0,0,0,0,0,0,0,0,0,0,0,0,0,0,0,0,0,0,0,0,0,0,0.38,2.307,9,30
0,14.28,0,0,0,0,0,0,0,0,0,0,0,0,0,0,0,0,0,0,0,0,0,0,0,0,0,0,0,0,0,0,0,0,0,0,0,0,0,0,0,0,0,0,0,0,0,0,0,0,0,0,0,0,1.8,5,9
0,0,0,0,0,0,0,0,0,0,0,0,0,0,0,0,0,0,0,0,0,0,0,0,0,0,14.28,0,0,0,0,0,0,0,0,0,0,0,0,0,0,0,0,0,0,0,0,0,0,1.754,0,0,0,0,1,1,7
1.03,0,0,0,1.03,0,0,0,0,0,0,0,0,0,0,0,0,0,1.03,0,1.03,0,0,0,0,0,0,0,0,0,0,0,0,0,0,0,0,0,0,0,0,3.09,0,0,0,0,0,0,0,0.185,0,0.37,0,0,2.277,11,41
0,0,0,0,0,0,0,0,0,0,0,1.13,0,0,0,0,0,0,0,0,0,0,0,0,0,0,0,0,0,0,0,0,0,0,0,0,0,0,1.13,0,0,3.4,0,0,0,0,0,0,0.198,0.396,0,0,0,0,2.076,5,27
0,0,0,0,0,0,0,0,0,0,0,0,0,0,0,0,0,0,1.17,0,0,0,0,0,4.7,2.35,0,0,0,0,0,0,0,0,0,0,0,0,0,0,0,0,0,0,0,0,0,0,0,0,0,0,0,0,2.882,21,49
0,0,0.54,0,0.21,0.21,0.1,0,0.1,0.21,0,0.21,0.32,0,0,0,0.21,0,0,0,0,0,0.54,0,0,0,0,0,0,0,0,0,0,0,0,0,0,0,0,0,0,0,0,0,0,0,0,0,0,0.152,0,0.033,0.118,0,1.987,14,306
0,0,0,0,2.94,0,0,0,0,0,0,0,0,0,0,2.94,0,0,0,0,0,0,0,0,0,0,0,0,0,0,0,0,0,0,0,0,0,0,0,0,0,0,0,0,0,0,0,0,0.436,0.436,0,0.873,0,0,4.142,12,29
0,0,0.38,0,0.38,0,0,0,0,0,0,0.38,0.38,0,0,0,0,0,1.14,0,0.38,0,0,0,0,0,0,0,0,0,0,0,0,0,0,0,0,0,0,0,0,0,0,0,0.38,0,0,0,0,0.414,0,0.276,0,0,1.104,2,53
0.76,0,0,0,0,0,0,0,0,0,0,0.76,0,0,0,0,0,0,1.52,0,0,0,0,0,0,0,0,0,0,0,0,0,0,0,0,0,0,0,0,0,0,0.76,0,0,0.76,0,0,0,0.135,0,0,0,0,0,1.411,5,24
0,0,0,0,0,0,0,0,0,0,0,0,0,0,0,0,0,0,4,0,0,0,0,0,0,0,0,0,0,0,0,0,0,0,0,0,0,0,4,0,0,0,0,0,0,0,0,0,0,0,0,0.724,0,0,2.285,8,16
0,0.18,0.37,0,0.18,0,0,0,0,0,0.18,0.56,0,0.18,0.18,0.56,0.18,0.56,0.56,0,0.56,0,0,0,0,0,0,0,0,0,0,0,0,0,0,0,0,0,0,0,0,0,0,0,0,0,0,0,0,0.277,0,0.493,0.061,0.03,1.874,13,253
0,0,0,0,0.22,0.22,0,0,0,0.45,0,0.9,0,0,0,0,0,0,0.67,0,0.22,0,0,0,0.67,0,0,0.67,0,0,0.45,0,0,0,0.67,0,0,0,0,0,0,0,0,0,0,0,0,0,0,0,0,0,0.024,0,4.223,157,359
0,0,0.7,0,0,0.14,0,0,0.28,0,0,3.08,0.14,0.28,0,0,0.14,0,0,0,0,0,0,0,0.98,0,0,0,0.14,0.14,0,0,0,0,0,0.7,0.28,0,0,0,0,0,0,0,0,0,0,0,0.054,0.199,0,0,0,0,1.82,18,304
0.05,0,0.15,0,0.1,0,0,0,0.52,0,0,0.15,0,0,0,0,0.1,0,0.21,0,0.1,0,0,0,0.47,0.52,0.05,0,0,0,0,0,0.15,0,0,0.05,0.36,0,0,0,0,0,0,0.1,0,0,0,0.05,0.164,0.171,0.068,0,0.013,0,3.591,35,1329
0,0,0,0,0,0,0,0,0,0.27,0,0.27,0,0,0,0.27,0,0,1.09,1.36,0.27,10.38,0,0,0,0,0,0,0,0,0,0,0,0,0,0,0,0,0,0,0,0,0,0,0.27,0,0,0,0.333,0.047,0.095,0.142,0.047,0.381,2.353,13,273
0.28,0,0.28,0,1.43,0.28,0,0.14,0,0,0,1.14,0,0,0,0.14,0.42,0,3.86,0,1.28,0,0.14,0.42,0,0,0,0,0,0,0,0,0.14,0,0,0,0,0,0,0,0,0,0,0.14,0,0,0,0,0,0.047,0,0.094,0.118,0.023,1.42,27,250
0,0,0,0,4.54,0,0,0,0,0,0,0,0,0,0,0,0,0,0,0,0,0,0,0,0,0,0,0,0,0,0,0,0,0,0,0,0,0,0,0,0,4.54,0,4.54,0,0,0,0,0,0,0,0,0,0,2,5,16
0,0,0,0,0,0,0,0,0,0,0,0,0,2.05,0,0,0,0,0,0,0,0,0,0,0,0,0,1.36,0,0,0,0,0,0,0,0,0,0,0,0,0,0,0,0,0,2.73,0,0,0.098,0.589,0,0,0,0,2.044,22,92
0,0,0,0,0,0,0,0,0,0,0,6.06,0,0,0,0,0,0,9.09,0,0,0,0,0,0,0,0,0,0,0,0,0,0,0,0,0,0,0,0,0,0,0,0,0,0,0,0,0,0,0,0,0,0,0,2.4,14,24
0,0.06,0.2,0,0.61,0.13,0,0,0.75,0,0.27,0.75,0.27,0,0,0,0.2,0.13,1.16,0,1.23,0,0.06,0,0,0,0,0,0,0,0,0,0,0,0,0,0,0,0,0,0,0,0.06,0,0.06,0,0,0,0.034,0.057,0,0.472,0.092,0.023,2.086,104,703
0,0,0,0,0.52,0,0.26,0.52,0,0.26,0.26,0.52,0,0,0,0.26,1.56,0.26,1.82,2.08,0.26,0,0,0,0,0,0,0,0,0,0,0,0,0,0,0,0,0,0,0,0,0,0,0,0,0,0,0,0,0.073,0,0.813,0.036,0.147,2.145,38,339
0,0,0,0,0,0,0,0,0,3.57,0,1.78,0,0,0,0,0,0,1.78,0,0,0,0,0,0,0,0,0,0,0,0,0,0,0,0,0,0,0,0,0,0,0,0,0,0,0,0,0,0.252,0,0,0.757,0,0,4.157,13,79
0,0,0.36,0,0.12,0.24,0,0,0,0.24,0,0,0.24,0,0,0,0,0,1.58,0,0.12,0,0,0,0,0,0,0,0,0,0,0,0,0,0,0,0,0,0,0,0,0,0.12,0,0.12,0.24,0,0,0,0.067,0.022,0,0,0,1.433,12,76
3.03,0,0,0,0,0,0,0,0,0,0,0,0,0,0,0,0,0,3.03,0,0,0,0,0,0,0,3.03,0,0,0,0,0,0,0,0,0,0,0,3.03,0,0,0,0,0,3.03,0,0,0,0,0.609,0,0,0,0,1.181,3,13
0,0,0,0,0,0,0,0,0,0,0,0,0,0,0,0,0,0,0,0,0,0,0,0,16.66,0,0,0,0,0,0,0,0,0,0,0,0,0,0,0,0,0,0,0,8.33,0,0,0,0,0,0,0,0,0,3.714,16,26
0,14.28,0,0,0,0,0,0,0,0,0,0,0,0,0,0,0,0,0,0,0,0,0,0,0,0,0,0,0,0,0,0,0,0,0,0,0,0,0,0,0,0,0,0,0,0,0,0,0,0,0,0,0,0,1.8,5,9
0,0,0,0,0,0,0,0,0,0,0,4.58,0,0,0,0,0.91,0,0,0,0.91,0,0,0,1.83,0,0,0,0,0.91,0,0,0,0,0,0.91,0,0,0.91,0,0,0,0,0,0,0,0,0,0,0.124,0,0.249,0,0,2.576,14,67
0,0,0,0,0,0,0,0,0,0,0,0,0,0,0,0,0,0,0,0,2.7,0,0,0,0,0,2.7,0,0,0,0,0,0,0,0,0,0,0,0,0,0,0,0,0,0,0,0,0,0,0,0,0.432,0,0,2,16,60
0,0,0,0,0.63,0,0,0,0,0,0,0,0,0,0,0,0,0,0,0,0,0,0,0,0,0.31,0,0,0,0,0,0,1.26,0,0,0,0,0,0,0,0.31,0,0,0,0.31,0,0,0,0,0.14,0,0,0,0,1.592,7,129
0,0,0,0,0.94,0,0,0,0,0,0,0,0,0,0,0,0,0,1.88,0,2.83,0,0,0,0,0,0,0,0,0,0,0,0,0,0,0,0,0,0,0,0,0,0,0,0,0,0,0,0,0,0,0.443,0,0,4.652,31,107
0,0.49,1.97,0,2.46,0,0,0,0,0,0,0,0.49,0,0,0.49,1.47,0.49,4.43,0,0.49,0,0,0,0,0,0,0,0,0,0,0,0,0,0,0,0,0,0,0,0,0,0,0,0,0,0,0,0,0,0,0.424,0,0,12.692,152,330
0.01,0,0.03,0,0.33,0.03,0,0,0.23,0.01,0,0.09,0,0,0,0.13,0,0.01,0.07,0,0.05,0,0,0,0.53,0.55,0.01,0,0,0,0,0,0.47,0,0.01,0.01,0.45,0.01,0,0,0,0,0.01,0,0,0,0.05,0,0.2,0.127,0.064,0,0.005,0,2.589,38,2349
0,0.74,1.85,0,0,0.37,0,0.37,0.74,1.11,0.37,0.74,0,0.37,0,0.37,0.37,0.37,1.48,0,2.6,0,0,0,0,0,0,0,0,0,0,0,0,0,0,0,1.11,0,0,0,0,0,0,0,0.37,0,0,0,0,0.336,0,1.211,0.471,0.067,18.4,393,736
0,0,0,0,1.48,0.74,1.48,0,0,0.74,0.74,0.74,0.74,0,0,0.74,0.74,0,2.22,0,3.7,0,0,0,0,0,0,0,0,0,0,0,0,0,0,0,0,0,0,0,0,0,0,0,0,0,0,0,0,0,0,0.108,0,0,2.346,12,61
0,0,1.96,0,0,0,0,0,0,0,0,0,0,0,0,1.96,0,0,0,0,0,0,0,0,0,0,0,0,0,0,0,0,0,0,0,0,0,0,0,0,0,3.92,0,0,3.92,0,0,0,0,0,0,0,0,0,1.647,4,28
0.48,0,0,0,0,0,0,0,0,0,0,0.96,0,0,0,0,0,0.48,0.96,0,0,0,0,0,2.88,0.96,0.96,0.96,0.48,0.96,0.96,0.48,0,0.48,0.96,0.96,0,0,0,0.48,0,0,0,0,0.48,0,0,0,0,0.276,0,0.138,0,0,1.986,11,147
0.08,0.08,0.76,0,0.85,1.02,0.25,0.17,0.59,0.08,0.17,0.59,0.17,0,2.21,0.25,0.08,0.93,1.61,0.17,0.42,0,0.85,0.08,0,0,0,0,0,0,0,0,0,0,0,0,0,0,0,0.08,0,0,0.17,0.08,0.08,0.08,0,0,0,0.065,0,0.408,0.118,0.013,7.55,669,1412
0.9,0,0,0,0.9,0,0,0,0,0,0,1.8,0,0,0,0,0,0,3.6,0,1.8,0,0,0,0.9,0.9,0,0,0,0,0,0,0,0,0,0,0,0,0,0,0,0.9,0,0,0,0,0,0,0,0.149,0,0,0,0,2.766,12,83
0,0,0,0,0,0,0,0,0,0,0,0,0,0,0,0,0,0,0,0,0,0,0,0,0.72,0,0,0,0,0,0,0,0,0,0,0,1.45,0,0,0,0,0,0,0,0,0,0,0,0,0,0,0,0,0,1.481,5,40
0,0,0,0,0,0,0,0,0,0,0,0,1.44,0,0,1.44,0,0,5.79,0,1.44,0,1.44,0,0,0,0,0,0,0,0,0,0,0,0,0,0,0,0,0,0,0,0,0,0,0,0,0,0,0,0,0.543,0.271,0,2.157,11,41
0,0,0,0,0,0,0,0,0,0,0,0,0,0,0,0,0,0,0.91,0,0,0,0,0,0,0,0,0,0.22,0,0,0,0,0,0,0,0.45,0,0,0,0,0,0,0,0,16.7,0,0,0,0.066,0,0,0,0,2.284,19,329
0.06,0,0.4,0,0.13,0.13,0,0.13,0,0,0,1.4,0.2,0.06,0,0,0.2,0,0.06,0,0,0,0,0,2.54,0,0,0,0,0,0,0,0,0,0,0.06,0.06,0,0,0,0,0,0,0,0.06,0,0,0,0.028,0.085,0,0,0,0,2.341,22,665
0,0,0,0,0,0,0,0,0,0,0,0,0,0,0,0,0,0,0,0,0,0,0,0,0,0,20,0,0,0,0,0,0,0,0,0,0,0,0,0,0,0,0,0,0,0,0,0,0,0,0,0,0,0,1,1,5
0,0,0,0,0.24,0.49,0,0,0,0.49,0,0.24,0,0,0,0,0,0,0.99,0,0.49,0,0,0,0.74,0,0,0.74,0,0,0.49,0,0,0,0.74,0,0,0,0,0,0,0,0,0,0,0,0,0,0,0.054,0,0,0.027,0,4.634,157,380
0,0,0.26,0,0.26,0,0,0,0,0,0.26,1.06,0,0.26,0.26,0.8,0,0.26,1.33,0,0,0,0,0,0,0,0,0,0,0,0,0,0,0,0,0,0,0,0,0,0,0,0,0,0,0,0,0,0,0.299,0,0.471,0,0,2.088,15,188
0,0,0,0,0,0,0,0,0,0,0,0,0,0,0,0,0,0,2.17,0,2.17,0,0,0,0,0,0,0,0,0,0,0,0,0,0,0,0,0,0,0,0,0,0,0,2.17,2.17,0,0,0,0.743,0,0.371,0,0.371,1.714,11,24
0.09,0.49,0.59,0,0.29,0.19,0,0,0.09,0.39,0,1.59,0.19,0,0,0,0.09,0,3.67,0.09,1.09,0,0,0.09,0,0,0,0,0,0,0,0,0,0,0,0,0,0,0,0,0,0,0,0,0.09,0,0,0,0.766,0.037,0,5.836,1.31,0,5.792,54,753
0,0,0,0,0,0,0,0,0,0,0,0,0,0,0,0,0,0,1.58,0,0,0,0,0,0,0,0,0,0,0,0,0,0,0,0,0,0.63,0,0.31,0,0,0,0,0,0.95,2.22,0,0,0,0,0,0,0,0,2.603,16,164
0,0,0,0,0,0.32,0,0,0,0,0,0,0,0,0,0,0.96,0,0,0,0,0,0,0,0,0,0,0,0,2.24,0,0,0,0,0,0,0,0,0.32,0,0,0,0,0,0,0,0,0,0.18,0.27,0.045,0,0,0,2,14,178
0,0,0,0,0,0,1.47,1.47,1.47,1.47,1.47,0,0,0,0,0,2.94,0,0,1.47,2.94,0,0,0,0,0,0,0,0,0,0,0,0,0,0,0,1.47,0,0,0,0,0,0,0,0,0,0,0,0,0.147,0,0.294,0.147,0,71.5,281,286
0,0,0,0,0,0,0,0,0,0,0,0,0,0,0,0,0,0,0,0,0,0,0,0,0,0,0,0,0,0,0,0,0,0,0,0,0,0,0,0,0,0,0,0,0,0,0,0,0,0,0,0,0,0,1,1,6
0,0,0,0,0.87,0,0,1.16,0,0,0.29,1.74,0,0,0,0,0.87,0,4.95,0,2.91,0,0,0,0,0,0,0,0,0,0,0,0,0,0,0,0,0,0,0,0,0,0,0,0,0,0,0,0.151,0,0,0,0,0,1.095,4,46
0.85,0,0,0,0,0,0,0,0,0,0,0.85,0,0,0,4.27,0,0,3.41,0,4.27,0,0,5.98,0,0,0,0,0,0,0,0,0,0,0,0,0,0,0,0,0,0,0,0,0,0,0,0,0,0.146,0,0.881,0,0,5,17,150
0,0,0,0,0,0.8,0,0,0.8,0,0,0,0,0,0,0,0,0.8,1.6,0,0,0,0,0,0,0,0,0,0.8,0,0,0,0,0,0,0,0,0,0,0,0,0,0,0.8,0,0,0.8,0,0,0.294,0,0,0,0,1.166,2,14
0,0,0,0,0,0,0,0,0,0,0,0,0,0,0,0,0,0,0,0,0,0,0,0,0,0,0,0,0,0,0,0,0,0,0,0,0,0,0,0,0,0,0,0,0,0,0,0,0,0,0,0,0,0,1.222,2,11
0.7,0,1.06,0,0,0,0,1.41,0.35,0.35,0,0.35,0,0,0,2.12,0.7,0.35,2.12,3.18,2.12,0,0.35,1.41,0,0,0,0,0,0,0,0,0,0,0,0,0,0,0,0,0,0,0,0,0,0,0,0,0,0.117,0,0.353,0,0,1.209,13,196
0,0,0.51,0,0.51,0,0,0.51,0,0,0,1.02,0,0,2.05,0,0,0.51,2.56,0,2.56,0,1.53,0,0,0,0,0,0,0,0,0,0,0,0,0,0,0,0.51,0.51,0,0,0,0,0.51,0,0,0,0,0.189,0,0.094,0.473,0,5.038,60,131
0,0.95,0.95,0,0,0,0,0,0,0,0,0,0,0,0,0,0,0,0.47,0.47,1.91,0,0,0.47,0,0,0,0,0,0,0,0.47,0,0,0,0,0,0,0,0,0,0,0,0,0,0,0,0,0.067,0.202,0,0.269,0,0,4.18,45,464
0,0,0,0,9.09,0,0,0,0,0,0,0,0,0,0,0,0,0,0,0,0,0,0,0,0,0,0,0,0,0,0,0,0,0,0,0,0,0,0,0,0,0,0,0,0,0,0,0,0,0,0,0,0,0,1,1,1
0,0,0,0,0,0,0,0,0,0,0,0,0,0,0,0,0,0,3.7,0,0,0,0,0,0,0,0,0,0,0,0,0,0,0,0,0,0,0,0,0,0,0,0,0,0,0,0,0,0,0,0,4.733,0,0,2.666,11,24
0.37,0,0,0,0,0,0,0,0,0,0,0,0,0,0,0,0.37,0,2.23,0,0.37,0,0,0,1.11,0.37,1.86,0.37,0.37,0.37,0.37,0.37,0,0.37,0.37,0.37,0.74,0,0.74,0.37,0.37,0,0.74,0,0.37,0.37,0,0,0,0.192,0.064,0.32,0,0.064,1.923,17,177
0,0,1.13,0,0,0,0,0,0,0,0,1.13,0,0,0,0,0,1.13,1.13,0,1.13,0,0,0,2.27,1.13,0,1.13,0,1.13,1.13,0,0,0,1.13,1.13,1.13,0,0,0,0,0,0,0,0,0,0,0,0,0.136,0,0.136,0,0,1.812,10,58
0,0,0,0,0,0,0,0,0,0,0,0,0,0,0,0,0,0,0,0,0,0,0,0,0,0,0,0,0,0,0,0,0,0,0,0,0,0,0,0,0,0,0,0,0,0,0,0,0,0,0,0,0,0,1.75,3,7
0,0,1.04,0,1.04,0,0,1.39,0.34,0,0,0.34,0,0,0,0,0,0,3.83,2.09,1.04,0,0.34,0,0,0,0,0,0,0,0,0,0,0,0,0,0,0,0,0,0,0,0,0,0,0,0,0,0,0.105,0,0.157,0.105,0,2.366,60,142
0,0,0.35,0,0.35,0,0,0,0.35,0,0,0,0,0,0,0,0,0,1.4,0,3.5,1.05,0,0,0,0,0,0,0,0,0,0,0,0,0,0,0.35,0,0,0,0,0,0,0,0,0.35,0,0,0,0.65,0,0,0,0.05,2.483,17,226
0,0,0.91,0,0,0.45,0,0,0,0,0,0.45,0,0,0,0,0,0.45,2.28,0,1.36,0,0,0,0.45,0,0,0,0,0,0,0,0,0,0,0,0,0,0,0,0,0,0,0,0,0,0,0,0,0.416,0,0.486,0,0,3.782,31,87
0.09,0.09,1.14,0,0.38,0,0,0.09,0,0.19,0.38,0.19,0,0,0,0.66,0,0,1.52,0,1.42,0,0,0,0,0,0,0,0,0,0,0,0,0,0,0,0,0,0,0,0,0,0.38,0,0,0,0,0,0.044,0.059,0,0.591,0,0,3.28,31,771
0,0.34,0.69,0,0.34,0,0.17,0,0,0.51,0.17,0,0.17,0,0.17,0.17,0,0.86,0.34,0.17,0.51,0,0,0,0,0,0,0,0,0,0,0,0,0,0,0,0,0,0,0,0,0,0,0,0,0,0,0,0,0,0,0.315,0,0.026,6.364,149,942
0,0,0,0,0,0.54,1.63,0,0,0,0.54,0.54,0,0,0,0.54,2.73,0.54,4.91,0,2.18,0,0,0,0,0,0,0,0,0,0,0,0,0,0,0,0,0,0,0,0,0,0,0,0,0,0,0,0,0,0,0,0.171,0,2.592,32,70
0,0.8,0,0,0.8,0,0.8,0,0,0.8,0,0,0,0,0,0.8,0.8,0.8,1.6,0,1.6,0,0,0,0,0,0,0,0,0,0,0,0,0,0,0,0,0,0,0,0,0,0,0,0,0,0,0,0,0.134,0,0.269,0,0,3.115,19,81
0,0.18,0.18,0,0.74,0,0.18,0,0,0.55,0.18,0.18,0,0,0.18,0,0,0,1.11,0,0.74,0,0,0,0,0,0,0,0,0.18,0,0,0.37,0,0,0.74,0,0,0,0,0,0,0,0,0,0,0,0,0,0.058,0,0,0.029,1.57,2.166,11,208
0,0,0.45,0,0.22,0.22,0,0,0.67,0.45,0.22,0.9,0,0,0,0.22,0,0,1.35,0,1.12,0.22,0.22,0.22,0,0,0,0,0,0,0,0,0,0,0,0.45,0,0,0,0,0,0,0,0,0,0,0,0,0.064,0.258,0,0.129,0.193,0,7.258,71,617
0,0,1.58,0,0,0,0,0,0,1.58,0,0,0,1.58,0,0,0,0,3.17,0,1.58,0,0,0,1.58,0,3.17,0,1.58,1.58,0,0,0,0,0,1.58,0,0,0,0,0,0,0,0,1.58,0,0,0,0,0,0,0,0,0,1.4,5,35
0,0,0,0,0,0,0,0,0,0,0,0,0,0,0,0,0,0,4.87,0,0.81,0,0,0,0,0,0,0,0,0,0,0,0,0,0,0,0,0,0,0,0,0,0,0,0,0,0,0,0,0.478,0,0,0,0,1.333,4,28
0,0,0,0,0,0,0,0,0,1.19,0,2.38,0,0,0,0,0,0,1.19,0,0,0,0,0,1.19,1.19,0,2.38,0,0,0,0,0,0,0,1.19,0,0,0,0,0,0,0,0,0,0,0,0,0,0.621,0,0,0,0,2.617,11,89
0.08,0.16,0.32,0,1.38,0.16,0.08,0,0.24,0.08,0,1.3,0,0.08,0,0.48,0.08,0.08,3.5,0,0.73,0,0.08,0.16,0,0,0,0,0,0,0,0,0,0,0.08,0,0,0,0,0,0,0,0,0,0,0,0,0,0,0.085,0.061,0.39,0.097,0.012,5.594,119,1561
0,0,0,0,0,0,0,0,0,0,0,0,0,0,0,0,0,0,5.55,0,1.11,0,0,0,0,0,0,0,0,0,0,0,0,0,0,0,0,0,0,0,0,0,0,0,0,0,0,0,0,0,0,1.473,0,0,4.071,29,114
0,0,0,0,0,0,0,0,0,0,0,0,0,0,0,0,0,0,2.33,0,1.86,0,0,0,0,0,0,0,0,0,0,0,0,0,0,0,0,0,0.46,0,0,0,0,0.46,0,0.46,0,0,0,0.082,0,0,0,0,1.117,3,38
0.11,0.05,0.22,0,0.22,0.05,0,0,0.05,0.11,0.11,0.56,0.05,0,0,0.11,0.16,0,1.35,0,0.73,0,0,0,1.69,1.3,0,0.05,0,0.11,0.16,0,0.05,0,0.33,0.05,0.33,0,0,0.05,0,0.11,0,0.11,0.05,0,0,0.05,0.025,0.085,0,0.042,0,0,2.031,22,971
0.58,0,0,0,2.33,0,1.16,0,0,0,0.58,0,0,0.58,0,0.58,0,0.58,2.92,1.16,2.92,0,0,0,0,0,0,0,0,0,0,0,0,0,0,0,0,0,0,0,0,0,0,0,0,0,0,0,0,0.27,0,0.09,0.09,0,1.829,9,75
0,0,0,0,0,0,0,0,0,0,0,0,0,0,0,0,0,0,3.37,0,0,0,2.24,0,0,0,0,0,0,0,0,0,0,0,0,0,0,0,0,0,0,0,0,0,0,0,0,0,0,0,0,0.218,0,0,1.827,11,53
0,0,0,0,0,0,0,0,0,0,0,0,0,0,0,0,0,0,0,0,0,0,0,0,9.52,4.76,4.76,4.76,4.76,4.76,4.76,4.76,0,4.76,4.76,4.76,0,0,0,4.76,0,0,0,0,0,0,0,0,0,1.257,0,0,0,0,3.333,11,30
0,2.08,0,0,3.12,0,1.04,0,0,0,0,2.08,0,0,0,0,0,4.16,2.08,0,1.04,0,0,0,0,0,0,0,0,0,0,0,0,0,0,0,0,0,0,0,0,0,0,0,0,0,0,0,0,0,0,0.263,0,0,1.428,4,20
0,0,0,0,0,0,0,0,0,0,0,0,0,0,0,0,0,0,0,0,0,0,0,0,0,0,20,0,0,0,0,0,0,0,0,0,0,0,0,0,0,0,0,0,0,0,0,0,0,0,0,0,0,0,1,1,5
0,0,0,0,1.63,0,0,0,0,0,0,0,0,0,0,0,0,0,4.91,0,0,0,0,0,0,0,0,0,0,0,0,0,0,0,0,0,0,0,0,0,0,0,0,0,0,0,0,0,0,0,0,0,0,0,1.769,5,46
0,0,0,0,0,0,0,0,0,0,0,0,0,0,0,0,0,0,0,0,0,0,0,0,0,0,0,0,0,0,0,0,0,0,0,0,0,0,0,0,0,0,0,16.66,0,0,0,0,0,0,0,0,0,0,1.5,3,6
0.07,0,0.07,0,0,0.07,0,0,0,0,0.14,1.04,0.14,0.07,0,0,0.52,0,0,0,0,0,0.22,0,2.23,0.07,0,0,0,0,0,0,0,0,0,0.22,0.14,0,0.07,0,0,0,0.07,0,0,0,0,0,0.111,0.151,0.01,0,0.02,0,2.25,24,720
0,14.28,0,0,0,0,0,0,0,0,0,0,0,0,0,0,0,0,0,0,0,0,0,0,0,0,0,0,0,0,0,0,0,0,0,0,0,0,0,0,0,0,0,0,0,0,0,0,0,0,0,0,0,0,1.8,5,9
0,0,0.32,0,0.64,0.64,0.32,0.64,0,0,0,0.32,0.32,0,0,0.32,0.32,0,2.27,0,3.24,0,0,0.32,0,0,0,0,0,0,0,0,0,0,0,0,0,0,0,0,0,0,0,0,0.64,0,0,0,0,0.105,0,0,0.157,0,1.494,10,139
0,1.93,0.77,0,0.77,0,0,0.38,0,0,0.38,0,1.54,0,0,0.38,0.38,1.15,4.24,0,6.17,0,0,0,0,0,0.38,0,0,0,0,0,0,0,0,0,0,0,0,0,0,0,0,0,0,0,0,0,0,0,0,0.109,0,0,1.043,4,95
0.43,0,1.31,0,0,0.43,0,0,0,0,0,0,0.87,0,0,0,0,0,0.87,0,0,0,0,0,0,0,0,0,0,0,0,0,0,0,0,0,0,0,0,0,0,0,0,0,0,0.43,0,0,0,0,0,0,0,0,2.137,47,109
0,0.56,0.56,0,2.25,0,1.12,0,0,0,0,0.56,0.56,0,0,0.56,2.82,0,3.95,0,1.69,0,0,0,0,0,0,0,0,0,0,0,0,0,0,0,0,0,0,0,0,0,0,0,0,0,0,0,0,0.247,0,1.32,0.33,0,5.135,140,190
0,0,0,0,0,0,0,0,0,0,0,0,0,0,0,0,0,0,4.34,0,0,0,0,0,0,0,0,0,0,0,0,0,0,0,0,0,0,0,0,0,0,0,0,0,0,0,0,0,0,0,0,2.631,0,0,1.666,5,15
0,0,0,0,0,0,0.86,0,0,0,0,0,0,0,0,0.86,0,1.73,3.47,0,1.73,0,0,0,0,0,0,0,0,0,0,0,0,0,0,0,0,0,0,0,0,0,0,0,0,0,0,0,0,0.152,0,0.457,0,0,2.75,10,55
0,0,0,0,0.45,0.45,0.45,0,0,0,0,0.45,0,0,0,0,0,0,0.9,0,0.45,9.5,0,0,0,0,0,0,0,0,0,0,0,0,0,0,0,0,0,0,0,0,0,0,0,0,0,0,0,0,0,0.203,0,1.084,8.517,72,477
0,0,0,0,0,0,0,0,0,0,0,2.22,0,0,0,0,0,0,0,0,0,0,0,0,0,0,2.22,0,0,0,0,0,0,0,0,0,0,0,0,0,0,0,0,0,2.22,0,0,0,0,0,0,0.374,0,0,1.375,5,22
0.27,0,0.83,0,1.11,1.11,0.27,0,0,0,0,0.83,0,0,0,0.83,1.11,0.27,1.38,0,1.11,0,0.55,0,0,0,0,0,0,0,0,0,0,0,0,0,0,0,0,0,0,0,0,0,0,0,0,0,0,0,0,0.638,0,0,2.512,17,196
0,0,0,0,0,0,0,0,0,0,0,0,0,0,0,0,0,0,3.84,0,1.28,0,0,0,0,0,0,0,0,0,0,0,0,0,0,0,1.28,0,0,0,0,0,0,0,1.28,0,0,0,0,0,0,1.548,0,0,3.222,14,58
0,0,0.32,0,0.64,0.64,0.32,0.64,0,0,0,0.32,0.32,0,0,0.32,0.32,0,2.27,0,3.24,0,0,0.32,0,0,0,0,0,0,0,0,0,0,0,0,0,0,0,0,0,0,0,0,0.64,0,0,0,0,0.112,0,0,0.168,0,1.494,10,139
